"Word","Freq"
"hepatitis",829
"hbv",615
"virus",548
"transmission",544
"child",518
"mother",462
"positive",313
"hcv",308
"infection",297
"women",284
"children",255
"mothers",252
"hbsag",244
"risk",207
"p",189
"c",188
"mtct",182
"infected",169
"pregnant",169
"infants",166
"study",158
"patients",156
"treatment",131
"hiv",129
"viral",129
"born",126
"maternal",119
"months",117
"group",116
"anti",115
"antigen",111
"lt",109
"birth",105
"abstracttext",104
"dna",104
"ci",103
"prevention",103
"analysis",101
"results",96
"hbeag",87
"rna",87
"202f",86
"ml",86
"delivery",85
"antiviral",82
"liver",82
"factors",80
"surface",78
"hbig",77
"chronic",76
"during",75
"pregnancy",73
"age",71
"levels",71
"load",71
"china",70
"200a",69
"immunoprophylaxis",67
"infant",67
"associated",65
"serum",64
"la",62
"iu",60
"efficacy",59
"genotype",59
"negative",59
"vaccine",59
"prevalence",58
"vaccination",58
"cirrhosis",57
"compared",57
"methods",57
"more",57
"significantly",56
"been",55
"g",55
"groups",55
"showed",55
"strategy",54
"up",54
"immunization",53
"but",52
"tenofovir",52
"vs",52
"clinical",50
"perinatal",50
"using",49
"control",48
"studies",47
"therapy",47
"immunoglobulin",46
"newborns",46
"quot",46
"case",45
"hbs",45
"safety",45
"which",45
"blood",44
"e",44
"tested",44
"there",44
"vertical",44
"based",43
"within",43
"higher",42
"respectively",42
"low",41
"rates",41
"significant",41
"can",40
"our",40
"related",39
"samples",39
"cost",38
"disease",38
"en",38
"hcc",38
"lower",38
"telbivudine",38
"administration",37
"lamivudine",37
"pcr",37
"both",36
"cohort",36
"conclusions",36
"increased",36
"le",36
"non",36
"reduce",36
"section",36
"used",36
"health",35
"rr",35
"meta",34
"prophylaxis",34
"s",34
"transmitted",34
"01",33
"active",33
"also",33
"level",33
"meld",33
"preventing",33
"third",33
"effect",32
"gt",32
"it",32
"screening",32
"should",32
"y",32
"000",31
"developed",31
"enrolled",31
"hav",31
"its",31
"review",31
"trials",31
"antibodies",30
"diagnosis",30
"immune",30
"prospective",30
"randomized",30
"rcts",30
"region",30
"time",30
"background",29
"breast",29
"controlled",29
"evidence",29
"failure",29
"incidence",29
"type",29
"alt",28
"carcinoma",28
"early",28
"effects",28
"et",28
"hb",28
"hepatocellular",28
"model",28
"pmtct",28
"present",28
"ratio",28
"total",28
"trimester",28
"when",28
"cases",27
"confirmed",27
"determine",27
"human",27
"including",27
"old",27
"outcomes",27
"patient",27
"presence",27
"score",27
"weeks",27
"05",26
"antibody",26
"babies",26
"did",26
"follow",26
"followed",26
"hev",26
"horizontal",26
"n",26
"status",26
"syphilis",26
"carrier",25
"difference",25
"dose",25
"factor",25
"hep",25
"ksc",25
"receptor",25
"second",25
"through",25
"7684",24
"addition",24
"coinfection",24
"detected",24
"effective",24
"five",24
"four",24
"vih",24
"against",23
"asialoglycoprotein",23
"became",23
"characteristics",23
"evaluated",23
"hdv",23
"hepatic",23
"important",23
"intervention",23
"mortality",23
"period",23
"vaginal",23
"aim",22
"assess",22
"care",22
"cell",22
"confidence",22
"el",22
"elective",22
"following",22
"l",22
"number",22
"objective",22
"per",22
"positivity",22
"pour",22
"received",22
"report",22
"subjects",22
"testing",22
"transplantation",22
"treated",22
"without",22
"conception",21
"copies",21
"could",21
"evaluate",21
"hepb",21
"if",21
"immunodeficiency",21
"into",21
"late",21
"major",21
"nucleotide",21
"observed",21
"overall",21
"programme",21
"pugh",21
"quasispecies",21
"reported",21
"about",20
"assessed",20
"caesarean",20
"despite",20
"effectiveness",20
"history",20
"index",20
"median",20
"mode",20
"month",20
"strategies",20
"t",20
"vhb",20
"aminotransferase",19
"cells",19
"chinese",19
"conducted",19
"eight",19
"hospital",19
"indicated",19
"interval",19
"mean",19
"passive",19
"population",19
"response",19
"revealed",19
"searched",19
"tdf",19
"versus",19
"001",18
"africa",18
"analyzed",18
"cesarean",18
"development",18
"each",18
"feeding",18
"hsv",18
"identify",18
"increase",18
"infections",18
"life",18
"management",18
"might",18
"mutations",18
"national",18
"natural",18
"need",18
"out",18
"6bcd",17
"according",17
"adverse",17
"aimed",17
"alanine",17
"ecs",17
"estimated",17
"gene",17
"investigate",17
"million",17
"needed",17
"program",17
"public",17
"role",17
"six",17
"studied",17
"alpha",16
"antenatal",16
"association",16
"asymptomatic",16
"available",16
"breastfeeding",16
"cause",16
"center",16
"considered",16
"core",16
"del",16
"disoproxil",16
"father",16
"likely",16
"medical",16
"milk",16
"mutant",16
"newborn",16
"odds",16
"outcome",16
"polymerase",16
"sequences",16
"seropositive",16
"services",16
"stage",16
"sub",16
"term",16
"viremia",16
"00001",15
"5a74",15
"809d",15
"although",15
"benefit",15
"chain",15
"collected",15
"combination",15
"combined",15
"delivered",15
"expression",15
"fumarate",15
"genotypes",15
"global",15
"method",15
"most",15
"none",15
"phylogenetic",15
"placebo",15
"reduced",15
"sequence",15
"specific",15
"still",15
"such",15
"them",15
"transmitting",15
"trial",15
"whether",15
"while",15
"708e",14
"ag",14
"any",14
"blocking",14
"coinfected",14
"des",14
"detection",14
"drug",14
"drugs",14
"ev",14
"even",14
"family",14
"given",14
"guidelines",14
"hd",14
"les",14
"less",14
"long",14
"markers",14
"new",14
"post",14
"reaction",14
"saharan",14
"se",14
"systematic",14
"variants",14
"viremic",14
"whom",14
"0001",13
"4f20",13
"64ad",13
"9884",13
"acquired",13
"acute",13
"acyclovir",13
"adjusted",13
"assay",13
"cochrane",13
"coverage",13
"current",13
"databases",13
"due",13
"fib",13
"frequency",13
"hospitals",13
"india",13
"integrated",13
"lc",13
"loads",13
"male",13
"miu",13
"multiple",13
"route",13
"sample",13
"screened",13
"selection",13
"sequencing",13
"series",13
"seven",13
"suggest",13
"svr",13
"test",13
"tests",13
"therefore",13
"thus",13
"ve",13
"07",12
"5de5",12
"adult",12
"baby",12
"caused",12
"chb",12
"class",12
"clones",12
"countries",12
"cs",12
"embase",12
"engerix",12
"ftct",12
"heterogeneity",12
"identified",12
"igm",12
"knowledge",12
"las",12
"nine",12
"placenta",12
"possible",12
"pre",12
"pubmed",12
"que",12
"regression",12
"scores",12
"selected",12
"single",12
"symptoms",12
"syndrome",12
"tnf",12
"would",12
"04",11
"4f5c",11
"6bd2",11
"75c5",11
"achieved",11
"additional",11
"administered",11
"african",11
"amniocentesis",11
"because",11
"being",11
"boy",11
"calculated",11
"changes",11
"clearance",11
"compensated",11
"correlation",11
"course",11
"database",11
"designed",11
"detectable",11
"evaluation",11
"events",11
"findings",11
"genome",11
"he",11
"homology",11
"hvl",11
"i",11
"implementation",11
"induced",11
"international",11
"interventions",11
"intrauterine",11
"isolates",11
"japan",11
"known",11
"literature",11
"logistic",11
"mtc",11
"neonates",11
"obtained",11
"occurred",11
"peripheral",11
"persons",11
"potential",11
"products",11
"quality",11
"range",11
"retrospective",11
"risks",11
"suggested",11
"survival",11
"times",11
"universal",11
"4e59",10
"514d",10
"6027",10
"achieve",10
"aged",10
"aims",10
"analyses",10
"antivirals",10
"areas",10
"assessment",10
"buprenorphine",10
"carriers",10
"complications",10
"couple",10
"criteria",10
"defined",10
"dendritic",10
"does",10
"elevated",10
"elimination",10
"end",10
"endemic",10
"goal",10
"hbe",10
"hgv",10
"hhv",10
"june",10
"maternoinfantil",10
"millions",10
"naloxone",10
"plasma",10
"postpartum",10
"protective",10
"random",10
"receive",10
"receiving",10
"relationship",10
"reviewed",10
"sera",10
"serological",10
"sífilis",10
"target",10
"ttv",10
"vaccinated",10
"values",10
"week",10
"world",10
"06",9
"4e3a",9
"4e86",9
"578b",9
"9632",9
"antiretroviral",9
"appropriate",9
"area",9
"assisted",9
"cdna",9
"concentration",9
"d",9
"decision",9
"decreased",9
"differences",9
"free",9
"g145r",9
"hcvrna",9
"his",9
"hla",9
"host",9
"interferon",9
"january",9
"key",9
"log10",9
"matched",9
"multivariate",9
"nucleoside",9
"occur",9
"optimal",9
"order",9
"pattern",9
"pressure",9
"problem",9
"project",9
"prospectively",9
"recommended",9
"regarding",9
"remains",9
"rt",9
"same",9
"science",9
"severe",9
"sofosbuvir",9
"some",9
"therapeutic",9
"utero",9
"whereas",9
"whose",9
"4e00",8
"65bd",8
"75ab",8
"8fdb",8
"à",8
"above",8
"additionally",8
"al",8
"albumin",8
"alcohol",8
"algorithm",8
"amino",8
"aor",8
"application",8
"arm",8
"asia",8
"autoimmune",8
"averted",8
"awareness",8
"bias",8
"circulating",8
"clinicaltrials",8
"common",8
"compare",8
"comparing",8
"cord",8
"country",8
"cp",8
"december",8
"delayed",8
"derived",8
"design",8
"determinant",8
"discontinuation",8
"diseases",8
"diversity",8
"double",8
"enfant",8
"especially",8
"estimate",8
"evolution",8
"exposure",8
"femmes",8
"fertility",8
"fetal",8
"fulminant",8
"general",8
"gov",8
"highly",8
"ia",8
"immunogenicity",8
"impact",8
"impairment",8
"improve",8
"incremental",8
"infectious",8
"interrupt",8
"live",8
"log",8
"los",8
"main",8
"measures",8
"mère",8
"minor",8
"mujeres",8
"neonatal",8
"nested",8
"objectives",8
"observational",8
"occurs",8
"para",8
"participants",8
"partners",8
"persistent",8
"programa",8
"provided",8
"providing",8
"province",8
"ptme",8
"ptmi",8
"research",8
"safe",8
"sensitivity",8
"seroconversion",8
"show",8
"significance",8
"spread",8
"staff",8
"strain",8
"thailand",8
"they",8
"transcripts",8
"transmisión",8
"tsa",8
"under",8
"uninfected",8
"vd",8
"via",8
"weight",8
"yet",8
"03",7
"2a",7
"548c",7
"5728",7
"63aa",7
"751f",7
"9879",7
"absence",7
"activity",7
"analogs",7
"analysed",7
"articles",7
"authors",7
"below",7
"births",7
"breastfed",7
"cah",7
"carried",7
"childhood",7
"cirrhotic",7
"comparable",7
"confirm",7
"daily",7
"days",7
"developing",7
"diagnosed",7
"economic",7
"effectively",7
"efforts",7
"eliminate",7
"empirical",7
"escape",7
"families",7
"frequent",7
"furthermore",7
"generation",7
"gestation",7
"gestational",7
"h",7
"highest",7
"ib",7
"importance",7
"information",7
"introduction",7
"investigated",7
"later",7
"least",7
"loss",7
"made",7
"mainly",7
"many",7
"membranous",7
"mn",7
"models",7
"molecular",7
"multicenter",7
"normal",7
"once",7
"onset",7
"over",7
"parameters",7
"particularly",7
"people",7
"pga",7
"pooled",7
"proportion",7
"questionnaire",7
"reach",7
"records",7
"reducing",7
"remained",7
"remaining",7
"responses",7
"routine",7
"rural",7
"serologic",7
"seroprevalence",7
"sites",7
"statistical",7
"suggests",7
"survey",7
"timing",7
"twice",7
"undetectable",7
"very",7
"will",7
"x",7
"zero",7
"02",6
"08",6
"4e2d",6
"5176",6
"53ca",6
"5e72",6
"5e74",6
"across",6
"along",6
"amplified",6
"assessing",6
"auroc",6
"bd",6
"biopsy",6
"blind",6
"centers",6
"central",6
"clínicas",6
"comparative",6
"comprised",6
"concentrations",6
"contrast",6
"correlated",6
"dans",6
"decrease",6
"du",6
"embarazadas",6
"enceintes",6
"entecavir",6
"entre",6
"envelope",6
"enzyme",6
"été",6
"evaluating",6
"examined",6
"excluded",6
"fatal",6
"fed",6
"few",6
"fue",6
"gained",6
"glomerulonephritis",6
"hbsab",6
"hbvac",6
"hundred",6
"initial",6
"initiated",6
"injection",6
"interrupting",6
"isoform",6
"july",6
"labor",6
"limited",6
"majority",6
"markov",6
"measured",6
"medline",6
"mg",6
"middle",6
"mononuclear",6
"multi",6
"nationwide",6
"network",6
"next",6
"nm",6
"ont",6
"paediatric",6
"plus",6
"pm",6
"point",6
"practice",6
"practices",6
"pregnancies",6
"presenting",6
"preterm",6
"preventive",6
"primary",6
"ranged",6
"ratios",6
"real",6
"recent",6
"relative",6
"relevant",6
"required",6
"resolved",6
"result",6
"reverse",6
"ribavirin",6
"secondary",6
"seen",6
"sequenced",6
"serious",6
"set",6
"since",6
"soins",6
"south",6
"standardized",6
"statistically",6
"suggesting",6
"summary",6
"surveillance",6
"sustained",6
"system",6
"systematically",6
"taken",6
"tbd",6
"throughout",6
"transaminase",6
"twelve",6
"understand",6
"until",6
"us",6
"value",6
"virologic",6
"worldwide",6
"wpr",6
"yunnan",6
"00",5
"09",5
"1b",5
"4f1a",5
"52a8",5
"56fd",5
"6210",5
"6240",5
"68c0",5
"6b65",5
"6d4b",5
"76ee",5
"affect",5
"agent",5
"analytic",5
"annual",5
"approximately",5
"aux",5
"baseline",5
"become",5
"benefits",5
"better",5
"biological",5
"booster",5
"cancer",5
"cea",5
"choice",5
"chronically",5
"comparison",5
"completed",5
"completion",5
"complication",5
"concordance",5
"controls",5
"count",5
"county",5
"cps",5
"cross",5
"death",5
"degree",5
"demonstrated",5
"direct",5
"discussed",5
"distribution",5
"doses",5
"dual",5
"education",5
"enough",5
"european",5
"exacerbation",5
"expanded",5
"exposed",5
"fathers",5
"female",5
"finding",5
"formula",5
"function",5
"gavi",5
"genetic",5
"genotyping",5
"globulin",5
"guideline",5
"gyn",5
"harms",5
"hbc",5
"her",5
"herpes",5
"icer",5
"identical",5
"identifying",5
"idu",5
"igg",5
"ii",5
"iii",5
"immunity",5
"increases",5
"increasing",5
"independently",5
"indicating",5
"individuals",5
"initiate",5
"interruption",5
"intervals",5
"kidney",5
"laboratory",5
"lack",5
"leukemia",5
"located",5
"marker",5
"members",5
"mixed",5
"moderate",5
"must",5
"necrosis",5
"ngs",5
"obs",5
"october",5
"off",5
"oral",5
"pacific",5
"pair",5
"parents",5
"persistently",5
"policy",5
"polyendocrine",5
"precore",5
"predominantly",5
"prenatal",5
"prevalent",5
"prevents",5
"prior",5
"probably",5
"process",5
"protection",5
"protein",5
"publications",5
"recombinant",5
"recommendations",5
"regional",5
"regions",5
"remission",5
"reply",5
"resistant",5
"sectional",5
"sequential",5
"seronegative",5
"setting",5
"shown",5
"similar",5
"size",5
"southern",5
"stages",5
"started",5
"starting",5
"success",5
"tcr",5
"thirty",5
"titer",5
"titers",5
"transcription",5
"triple",5
"turcotte",5
"underwent",5
"variant",5
"venous",5
"way",5
"web",5
"western",5
"007",4
"24h",4
"4ee5",4
"513f",4
"536b",4
"53d1",4
"540c",4
"63d0",4
"6cbb",4
"7387",4
"7597",4
"884c",4
"8d39",4
"91cd",4
"abnormal",4
"ac",4
"account",4
"adults",4
"advanced",4
"again",4
"agents",4
"alone",4
"aminotransferases",4
"antepartum",4
"apai",4
"appears",4
"approach",4
"around",4
"aspartate",4
"atención",4
"attending",4
"au",4
"august",4
"avec",4
"avoided",4
"biliary",4
"block",4
"breakthrough",4
"burden",4
"burkina",4
"cart",4
"cba",4
"cd4",4
"centres",4
"change",4
"characteristic",4
"chemotherapy",4
"clarify",4
"clonal",4
"colocalization",4
"complete",4
"complex",4
"complexes",4
"complicated",4
"comprehensive",4
"concern",4
"consecutive",4
"constructed",4
"contact",4
"corresponding",4
"costs",4
"counties",4
"couples",4
"crosti",4
"csf",4
"cut",4
"dalys",4
"deliveries",4
"demonstrate",4
"dépistage",4
"described",4
"detect",4
"discharge",4
"e2",4
"egypt",4
"eliminating",4
"endoscopic",4
"english",4
"ensemble",4
"entry",4
"epitopes",4
"esophageal",4
"established",4
"était",4
"experienced",4
"explore",4
"explored",4
"famciclovir",4
"faso",4
"feasible",4
"fetus",4
"fibrosis",4
"fifteen",4
"follows",4
"forty",4
"foundation",4
"future",4
"generally",4
"genomes",4
"geometric",4
"gianotti",4
"gmc",4
"gradient",4
"having",4
"hepato",4
"hepb3",4
"here",4
"heteroduplex",4
"hours",4
"hr",4
"i2",4
"icers",4
"immunoprophylactic",4
"implications",4
"independent",4
"indicate",4
"indicates",4
"indicators",4
"infectivity",4
"initiation",4
"injected",4
"injections",4
"issue",4
"issues",4
"japanese",4
"journals",4
"lao",4
"ldt",4
"ledipasvir",4
"length",4
"letter",4
"leur",4
"linked",4
"local",4
"lost",4
"lys",4
"md",4
"medicus",4
"membrane",4
"membranes",4
"met",4
"mobility",4
"moment",4
"morbidity",4
"much",4
"mutants",4
"mutation",4
"nacional",4
"necessary",4
"needs",4
"neonate",4
"newly",4
"nombre",4
"nor",4
"novo",4
"observation",4
"older",4
"oligoclonal",4
"online",4
"organization",4
"ovid",4
"pakistan",4
"part",4
"pegylated",4
"percentage",4
"perinatally",4
"perspective",4
"phase",4
"physicians",4
"platelet",4
"por",4
"predicting",4
"predictive",4
"prénatals",4
"presented",4
"prevención",4
"prévention",4
"previously",4
"prognostic",4
"progress",4
"progression",4
"protocol",4
"proved",4
"provide",4
"prueba",4
"pruebas",4
"purpose",4
"qaly",4
"qalys",4
"randomised",4
"rare",4
"reached",4
"reactivation",4
"recommend",4
"reduces",4
"referred",4
"refit",4
"regimens",4
"register",4
"registered",4
"remain",4
"renal",4
"replication",4
"residence",4
"rupture",4
"s2",4
"saved",4
"saving",4
"servicios",4
"sex",4
"sexual",4
"shenzhen",4
"side",4
"signs",4
"simplex",4
"sixteen",4
"sont",4
"states",4
"stool",4
"stpoc",4
"strains",4
"strongly",4
"subgenotypes",4
"suspicion",4
"taiwan",4
"targets",4
"taux",4
"terms",4
"then",4
"thirteen",4
"threat",4
"titre",4
"transcript",4
"transmissions",4
"treat",4
"treating",4
"twenty",4
"un",4
"univariate",4
"university",4
"unknown",4
"urgently",4
"vaginally",4
"varices",4
"various",4
"vbeta13",4
"vip",4
"virological",4
"viruses",4
"wuhan",4
"z",4
"043",3
"1st",3
"4e0d",3
"4e0e",3
"4e2a",3
"4eb2",3
"516c",3
"5171",3
"524d",3
"5316",3
"533b",3
"5408",3
"5987",3
"5b55",3
"5b66",3
"5bf9",3
"611f",3
"6162",3
"63a2",3
"65ad",3
"65b9",3
"662f",3
"67d3",3
"6807",3
"6d41",3
"7403",3
"7406",3
"7b49",3
"7ba1",3
"7efc",3
"8ba8",3
"8be5",3
"8fc7",3
"901a",3
"963b",3
"9ad8",3
"a1762t",3
"ab",3
"abstracted",3
"accounted",3
"achievement",3
"adequate",3
"ages",3
"albi",3
"allele",3
"almost",3
"analogues",3
"another",3
"antihcv",3
"applied",3
"aspects",3
"assumed",3
"ast",3
"aware",3
"b2",3
"bacterial",3
"basement",3
"basis",3
"bcr",3
"beginning",3
"beta",3
"binding",3
"biomedical",3
"bone",3
"brazil",3
"c2",3
"cameroon",3
"cannot",3
"carefully",3
"carrying",3
"characterization",3
"characterize",3
"citation",3
"clinic",3
"clinicians",3
"clinics",3
"clone",3
"cloned",3
"closely",3
"cluster",3
"coding",3
"cohorts",3
"collaboration",3
"comments",3
"complexity",3
"condition",3
"consecutively",3
"consent",3
"contamination",3
"continued",3
"continuous",3
"contributes",3
"controversial",3
"counts",3
"ctp",3
"curve",3
"dbeta2",3
"defects",3
"describe",3
"develop",3
"died",3
"differ",3
"differential",3
"diffuse",3
"disappeared",3
"discontinued",3
"discuss",3
"disseminated",3
"divided",3
"document",3
"documented",3
"dominant",3
"done",3
"donor",3
"dosage",3
"dosages",3
"duration",3
"durations",3
"dysfunction",3
"efficiency",3
"efficiently",3
"either",3
"electronic",3
"elevation",3
"elisa",3
"emergence",3
"endemicity",3
"endpoints",3
"epi",3
"equal",3
"ethiopia",3
"examine",3
"excellent",3
"except",3
"expansions",3
"extracted",3
"extrauterine",3
"facilities",3
"failed",3
"features",3
"february",3
"field",3
"figures",3
"financial",3
"foetus",3
"former",3
"fourteen",3
"framework",3
"france",3
"full",3
"fully",3
"g1764a",3
"g1896a",3
"gain",3
"getting",3
"glomerular",3
"good",3
"grade",3
"gradually",3
"great",3
"greater",3
"guide",3
"hazard",3
"hbvacc",3
"healthcare",3
"heterogeneous",3
"humans",3
"hypervariable",3
"ide",3
"ifn",3
"imeld",3
"immediately",3
"immunoassay",3
"immunoblotting",3
"immunosorbent",3
"inclusion",3
"inflammation",3
"influenced",3
"informed",3
"infrastructure",3
"intermediate",3
"intravenous",3
"introduced",3
"investigations",3
"involved",3
"involving",3
"italy",3
"janeiro",3
"jbeta1",3
"joint",3
"knew",3
"knodell",3
"korean",3
"laparoscopic",3
"leads",3
"lesions",3
"leukocyte",3
"lifetime",3
"llr",3
"longer",3
"lymphoblastic",3
"maintaining",3
"measure",3
"meeting",3
"meso",3
"mild",3
"min",3
"mm",3
"na",3
"naive",3
"nas",3
"nct01745822",3
"neither",3
"net",3
"northern",3
"ns",3
"ns4",3
"observations",3
"obstetrics",3
"offered",3
"operating",3
"original",3
"ouagadougou",3
"outbreak",3
"pan",3
"participant",3
"particular",3
"partner",3
"parts",3
"passively",3
"past",3
"pay",3
"pediatric",3
"persistence",3
"person",3
"populations",3
"portal",3
"poses",3
"possibility",3
"postnatal",3
"postoperative",3
"power",3
"predict",3
"predictor",3
"preparation",3
"presentation",3
"preventable",3
"previous",3
"probability",3
"probe",3
"problems",3
"prognosis",3
"programmes",3
"prolonged",3
"promising",3
"promoting",3
"prone",3
"proven",3
"provinces",3
"puv",3
"questionnaires",3
"raised",3
"rct",3
"receiver",3
"recommendation",3
"recurrence",3
"reference",3
"referral",3
"registry",3
"relatively",3
"replicative",3
"reports",3
"republic",3
"resistance",3
"resource",3
"respect",3
"restricted",3
"retrieved",3
"rio",3
"routes",3
"run",3
"s1",3
"s3",3
"sahel",3
"salt",3
"sbp",3
"scopus",3
"search",3
"self",3
"serostatus",3
"seventeen",3
"shield",3
"similarity",3
"simultaneous",3
"source",3
"special",3
"spontaneous",3
"squared",3
"state",3
"structured",3
"subgenotype",3
"substitution",3
"successfully",3
"suffering",3
"support",3
"surgery",3
"surrogate",3
"surveyed",3
"susceptibility",3
"suspected",3
"technical",3
"thai",3
"though",3
"thyroid",3
"treatments",3
"tree",3
"trimesters",3
"true",3
"tumor",3
"tunisian",3
"underlying",3
"urban",3
"vbeta",3
"vbeta20",3
"vbeta3",3
"vdr",3
"verified",3
"vertebral",3
"viraemic",3
"vp1",3
"where",3
"whole",3
"yirgalem",3
"yuan",3
"005",2
"006",2
"0077",2
"008",2
"010",2
"013",2
"03c7",2
"042",2
"04miu",2
"062",2
"070",2
"1000miu",2
"16miu",2
"1a",2
"200iu",2
"308g",2
"30th",2
"31miu",2
"48miu",2
"4e09",2
"4e3b",2
"4e4b",2
"4ea7",2
"4ece",2
"4f4e",2
"4f8b",2
"4f9b",2
"4fdd",2
"5065",2
"5168",2
"5173",2
"5177",2
"51c6",2
"51cf",2
"5230",2
"5242",2
"52a0",2
"5305",2
"53bf",2
"53c2",2
"5426",2
"542b",2
"54cd",2
"56e0",2
"5927",2
"5982",2
"5b50",2
"5b69",2
"5b9e",2
"5c11",2
"5c24",2
"5f71",2
"6211",2
"64miu",2
"6548",2
"6587",2
"65b0",2
"65f6",2
"6709",2
"679c",2
"6885",2
"6d88",2
"6e05",2
"7528",2
"7565",2
"767d",2
"793e",2
"79fb",2
"79miu",2
"7a0b",2
"7ae5",2
"7d20",2
"82d7",2
"86cb",2
"87miu",2
"8840",2
"8981",2
"8bbf",2
"8bca",2
"8bf8",2
"8d77",2
"8fbe",2
"8ff0",2
"9194",2
"91cf",2
"964d",2
"9664",2
"968f",2
"9762",2
"9898",2
"a24",2
"able",2
"abortion",2
"absent",2
"access",2
"action",2
"adefovir",2
"adjunctive",2
"adjustment",2
"administering",2
"adolescents",2
"affected",2
"ambitious",2
"america",2
"anaemia",2
"analog",2
"analyse",2
"analysing",2
"analyze",2
"annually",2
"anrs",2
"antigens",2
"aplastic",2
"app",2
"apparent",2
"approaches",2
"april",2
"arterial",2
"article",2
"asistieron",2
"assays",2
"assembly",2
"assigned",2
"associations",2
"assuming",2
"attempted",2
"attention",2
"auc",2
"aucun",2
"augmenté",2
"aumentó",2
"autochthonous",2
"avait",2
"avoiding",2
"bamako",2
"bayesian",2
"bearing",2
"began",2
"belonging",2
"beneficial",2
"bénéficiant",2
"bénéficier",2
"bilirubin",2
"biochemical",2
"blockade",2
"bound",2
"boys",2
"bw",2
"cada",2
"camille",2
"canal",2
"candidates",2
"capita",2
"cas",2
"categorized",2
"caucasian",2
"causes",2
"causing",2
"caution",2
"cbm",2
"cellular",2
"centre",2
"centros",2
"cerebrospinal",2
"cerevisiae",2
"ces",2
"challenge",2
"challenges",2
"challenging",2
"characterized",2
"childbirth",2
"childcare",2
"chine",2
"chinois",2
"chord",2
"chuté",2
"classes",2
"cliniques",2
"clonally",2
"cnki",2
"codon",2
"coefficients",2
"colaboración",2
"combinations",2
"comenzó",2
"comment",2
"commentary",2
"commercially",2
"commonly",2
"como",2
"comparisons",2
"competed",2
"complementary",2
"compliance",2
"components",2
"con",2
"concerning",2
"concerns",2
"conclusive",2
"concomitant",2
"condados",2
"confrontée",2
"congénita",2
"congénital",2
"consensus",2
"consequences",2
"conservative",2
"consider",2
"consisted",2
"consisting",2
"containing",2
"continues",2
"contributed",2
"contrôle",2
"correctly",2
"correlations",2
"correspondingly",2
"courantes",2
"cr",2
"creatinine",2
"critical",2
"crude",2
"ctl",2
"ctls",2
"currently",2
"curves",2
"cutaneous",2
"daclatasvir",2
"daly",2
"damage",2
"date",2
"dates",2
"day",2
"dcs",2
"deaths",2
"débuté",2
"decisions",2
"decline",2
"decompensated",2
"decompensation",2
"defect",2
"delay",2
"democratic",2
"demonstrating",2
"demostró",2
"density",2
"depending",2
"deposition",2
"desafíos",2
"determination",2
"diabetes",2
"dichotomous",2
"difficultés",2
"diffusion",2
"disability",2
"discordance",2
"discrepancies",2
"displayed",2
"domains",2
"earlier",2
"editorial",2
"efficacité",2
"efficient",2
"eficaz",2
"egyptian",2
"eighty",2
"elbasvir",2
"electronically",2
"élevait",2
"eligible",2
"eliminación",2
"élimination",2
"elispot",2
"elucidate",2
"emerged",2
"empirically",2
"employed",2
"encephalomyelitis",2
"encore",2
"encourage",2
"endocytosis",2
"endorsed",2
"endpoint",2
"enfants",2
"enfermedades",2
"enhanced",2
"entropy",2
"enzymes",2
"errors",2
"esfuerzos",2
"est",2
"establish",2
"estandarizaba",2
"estimates",2
"etiologies",2
"etiology",2
"evaluable",2
"evident",2
"exacerbations",2
"examination",2
"exceptional",2
"exhibiting",2
"expansion",2
"experimental",2
"exposures",2
"extent",2
"extra",2
"extrapolating",2
"face",2
"facilitate",2
"factible",2
"faisabilité",2
"fatigue",2
"fetoprotein",2
"fever",2
"fifty",2
"fine",2
"fixed",2
"flare",2
"florescence",2
"flowcytometry",2
"fluid",2
"foetal",2
"font",2
"forma",2
"formar",2
"frente",2
"frequencies",2
"gave",2
"gb",2
"gdp",2
"genbank",2
"gender",2
"generales",2
"generations",2
"généraux",2
"germany",2
"glomerulopathy",2
"grandmother",2
"gratuit",2
"gratuita",2
"gratuitement",2
"gratuito",2
"grazoprevir",2
"greatly",2
"green",2
"growing",2
"growth",2
"ha",2
"había",2
"haciendo",2
"half",2
"hand",2
"harmonisait",2
"hbcab",2
"hbvcc",2
"help",2
"hépatite",2
"hepatocytes",2
"highlight",2
"highlighter",2
"highlights",2
"hijos",2
"histochemistry",2
"histological",2
"hôpitaux",2
"hospitales",2
"humaine",2
"humana",2
"hunan",2
"hvr",2
"hybridization",2
"hypothesized",2
"ictrp",2
"idea",2
"identifier",2
"il",2
"il28b",2
"ils",2
"imaging",2
"immediate",2
"immunoblot",2
"immunodéficience",2
"immunofluorescence",2
"immunoglobulins",2
"immunopathogenesis",2
"immuonocomprimised",2
"implemented",2
"implies",2
"improvement",2
"inactive",2
"inapparent",2
"incidences",2
"incident",2
"includes",2
"incluses",2
"incluyó",2
"indian",2
"indices",2
"indirectness",2
"indocyanine",2
"inevitable",2
"infección",2
"infectada",2
"infectadas",2
"infectée",2
"infectées",2
"infecting",2
"influencing",2
"inform",2
"infrequent",2
"inmunodeficiencia",2
"inno",2
"insertion",2
"institute",2
"integraba",2
"integrada",2
"integrados",2
"intégrait",2
"integration",2
"intégrée",2
"intégrés",2
"intensity",2
"intensive",2
"intention",2
"interest",2
"interestingly",2
"interpretation",2
"interpreting",2
"interrelated",2
"interrupted",2
"intervenciones",2
"interventional",2
"investigating",2
"iqr",2
"ireland",2
"isolated",2
"itching",2
"junction",2
"kangtai",2
"label",2
"largely",2
"latter",2
"lays",2
"lbw",2
"leading",2
"led",2
"lesser",2
"leurs",2
"library",2
"likelihood",2
"limitations",2
"line",2
"lipa",2
"lists",2
"livebirths",2
"living",2
"locales",2
"locaux",2
"longitudinal",2
"ltd",2
"ly",2
"madres",2
"maintenant",2
"maladies",2
"malformation",2
"mali",2
"march",2
"marcha",2
"marked",2
"maternally",2
"maternels",2
"maternity",2
"materno",2
"maximal",2
"maximum",2
"means",2
"mechanism",2
"mechanisms",2
"medication",2
"medicine",2
"medium",2
"mellitus",2
"même",2
"mentioned",2
"mères",2
"metastases",2
"methodology",2
"micrograms",2
"microscopy",2
"milan",2
"mineral",2
"minus",2
"mis",2
"mismo",2
"mistakenly",2
"mobile",2
"momento",2
"monocentric",2
"montré",2
"moreover",2
"mortem",2
"mostly",2
"mrna",2
"mucositis",2
"multiphasic",2
"multivariable",2
"myeloid",2
"nacidos",2
"nacionales",2
"naissances",2
"nationaux",2
"nature",2
"nct02044055",2
"near",2
"needle",2
"negatively",2
"neglected",2
"nephropathy",2
"nephrotic",2
"ng",2
"nigerian",2
"ningún",2
"nodosa",2
"nonamniocentesis",2
"nonviremic",2
"north",2
"nosocomial",2
"noted",2
"notificada",2
"novel",2
"nucleos",2
"nucs",2
"numbering",2
"número",2
"obi",2
"observe",2
"obstetric",2
"obstetrical",2
"obvious",2
"occluded",2
"occult",2
"occurrence",2
"offers",2
"ofrece",2
"ofrecieron",2
"open",2
"optimization",2
"options",2
"others",2
"otras",2
"où",2
"outperformed",2
"overlapping",2
"owing",2
"paired",2
"paper",2
"papular",2
"par",2
"paralleled",2
"parenteral",2
"paris",2
"parte",2
"participaron",2
"participating",2
"partie",2
"partum",2
"pasado",2
"patterns",2
"pays",2
"pdr",2
"peak",2
"pédiatriques",2
"peg",2
"percutaneous",2
"périnatal",2
"perinatales",2
"periodicals",2
"periods",2
"peritonitis",2
"pharmacokinetic",2
"pharmacokinetics",2
"phc",2
"phenomenon",2
"phenotype",2
"philippines",2
"placental",2
"planning",2
"platform",2
"play",2
"pn",2
"población",2
"points",2
"polyarteritis",2
"poor",2
"possibly",2
"posterior",2
"practiced",2
"pratiques",2
"precise",2
"predicted",2
"predictors",2
"predominant",2
"preeminent",2
"preferred",2
"preliminary",2
"premature",2
"pressures",2
"prevailing",2
"prevented",2
"preventions",2
"principal",2
"principle",2
"principles",2
"prioritize",2
"probabilistic",2
"profilaxis",2
"programs",2
"projected",2
"prophylaxie",2
"proporcionan",2
"proposées",2
"proposer",2
"proposés",2
"protected",2
"proteinuria",2
"provides",2
"provision",2
"ps",2
"published",2
"puerperal",2
"puerperium",2
"purified",2
"puso",2
"put",2
"putative",2
"pvst",2
"qrt",2
"qualified",2
"quantitative",2
"qui",2
"quoted",2
"r",2
"raising",2
"randomly",2
"rapid",2
"rbv",2
"re",2
"reaching",2
"reactive",2
"reactivities",2
"realized",2
"reasons",2
"reassembled",2
"recently",2
"reconstructive",2
"record",2
"recorded",2
"recovery",2
"recruited",2
"redujo",2
"regimen",2
"registration",2
"reinfection",2
"relapse",2
"released",2
"relook",2
"remote",2
"reoperation",2
"representative",2
"represents",2
"resection",2
"responder",2
"responsible",2
"rest",2
"restrictive",2
"resulted",2
"resulting",2
"retention",2
"retested",2
"retrospectively",2
"rfa",2
"ris",2
"roc",2
"rose",2
"rutinarios",2
"sa",2
"saccharomyces",2
"saint",2
"saliva",2
"salud",2
"santé",2
"schedule",2
"schistosomal",2
"sector",2
"security",2
"seemed",2
"select",2
"semen",2
"semirural",2
"ser",2
"seroconverted",2
"seroimmunological",2
"serology",2
"seropositivity",2
"seroprotection",2
"seroprotective",2
"serosurvey",2
"sets",2
"settings",2
"seventy",2
"several",2
"severity",2
"shared",2
"shenyang",2
"signalés",2
"sigue",2
"simultaneously",2
"singapore",2
"singleton",2
"site",2
"smaller",2
"so",2
"society",2
"sociodemography",2
"sodium",2
"software",2
"solution",2
"sometieron",2
"specimens",2
"stable",2
"standard",2
"standards",2
"start",2
"steps",2
"steroids",2
"stopping",2
"strengthened",2
"strengthening",2
"strip",2
"subepithelial",2
"subgroup",2
"subject",2
"sublingual",2
"suboxone",2
"subsequent",2
"substitutions",2
"summarize",2
"supplémentaires",2
"supports",2
"suppress",2
"sus",2
"susceptible",2
"sustainable",2
"synonymous",2
"systems",2
"tablet",2
"tace",2
"taqi",2
"targeted",2
"tasa",2
"telles",2
"temps",2
"ten",2
"tendencies",2
"testées",2
"thereafter",2
"thousand",2
"tiempo",2
"tissue",2
"tolerable",2
"totally",2
"tottori",2
"toujours",2
"toward",2
"township",2
"townships",2
"tract",2
"trails",2
"traitement",2
"trans",2
"transaminases",2
"transfusion",2
"transfusions",2
"transient",2
"transmit",2
"tratamiento",2
"través",2
"treatable",2
"tres",2
"trois",2
"trophoblasts",2
"tt",2
"tumour",2
"twin",2
"twins",2
"uip",2
"una",2
"uncertain",2
"uncle",2
"unclear",2
"uncommon",2
"unselected",2
"unsettled",2
"untreated",2
"unusual",2
"uptake",2
"urethral",2
"urinary",2
"utilization",2
"uvre",2
"v",2
"vaccinations",2
"vaccines",2
"valve",2
"variable",2
"vertically",2
"veterans",2
"view",2
"virals",2
"vitamin",2
"vivantes",2
"vivos",2
"vl",2
"vt",2
"vues",2
"wanfang",2
"widest",2
"wild",2
"willingness",2
"wise",2
"wives",2
"wk",2
"ymdd",2
"000001",1
"0003",1
"0006",1
"002",1
"004",1
"012",1
"014",1
"019",1
"023",1
"025",1
"031",1
"032",1
"040",1
"041",1
"048",1
"049",1
"050",1
"063",1
"064",1
"071",1
"083",1
"087",1
"097",1
"106veq",1
"10e5",1
"10e6",1
"10mg",1
"14314",1
"1mg",1
"28b",1
"2b",1
"31st",1
"4d",1
"4e0a",1
"4e16",1
"4e34",1
"4e3e",1
"4e8e",1
"4ea1",1
"4ef6",1
"4f17",1
"4f73",1
"4f7f",1
"4fc3",1
"501f",1
"50th",1
"51b5",1
"5236",1
"52a9",1
"533a",1
"534f",1
"5371",1
"53ef",1
"540e",1
"5411",1
"542f",1
"5458",1
"5584",1
"56f4",1
"5730",1
"57fa",1
"589e",1
"5973",1
"597d",1
"5a01",1
"5b58",1
"5b8c",1
"5bb3",1
"5bb6",1
"5bfc",1
"5c31",1
"5dee",1
"5df2",1
"5e8a",1
"5efa",1
"5f00",1
"5f02",1
"5f15",1
"5f3a",1
"5f62",1
"5f84",1
"5x106",1
"6218",1
"6280",1
"6297",1
"6307",1
"63a8",1
"65e8",1
"6653",1
"6700",1
"6708",1
"671f",1
"672c",1
"672f",1
"6741",1
"6765",1
"6781",1
"6b7b",1
"6c1b",1
"6ce8",1
"70b9",1
"7269",1
"7279",1
"72b6",1
"73b0",1
"754c",1
"76d6",1
"76f8",1
"77e5",1
"7814",1
"79ef",1
"7a76",1
"7acb",1
"7b56",1
"7ec4",1
"7ec7",1
"7f51",1
"8054",1
"80b2",1
"80c1",1
"826f",1
"8303",1
"836f",1
"88ab",1
"8986",1
"89c4",1
"8ba1",1
"8ba2",1
"8bae",1
"8bbe",1
"9014",1
"90e8",1
"91d1",1
"9228",1
"95e8",1
"95ee",1
"9633",1
"9645",1
"9662",1
"96f6",1
"9700",1
"9f84",1
"a1",1
"a2b",1
"abbott",1
"abdominal",1
"ablation",1
"abortions",1
"abroad",1
"abstract",1
"abstracts",1
"abuse",1
"academic",1
"acceptable",1
"accessible",1
"accordance",1
"accounting",1
"accounts",1
"accuracy",1
"accurate",1
"accurately",1
"achievements",1
"achieving",1
"acquire",1
"acquisition",1
"acrodermatitis",1
"act",1
"acting",1
"activities",1
"actual",1
"adaptation",1
"adaptor",1
"add",1
"added",1
"addicts",1
"adding",1
"addison",1
"addressing",1
"adenosine",1
"adjunct",1
"adjusting",1
"adjuvant",1
"administrations",1
"admitted",1
"adopted",1
"adoption",1
"adrenocorticotropic",1
"advances",1
"advantage",1
"advent",1
"adw",1
"affecting",1
"affects",1
"affordable",1
"agree",1
"aiming",1
"alb",1
"aligned",1
"alkaline",1
"alleles",1
"alliance",1
"allows",1
"ally",1
"alp",1
"alternative",1
"alternatives",1
"aml",1
"aml2004",1
"amount",1
"amounted",1
"amp",1
"amplification",1
"analogue",1
"analyzing",1
"anicteric",1
"animals",1
"answered",1
"ante",1
"antennal",1
"antigenaemia",1
"antigenemia",1
"antigenic",1
"antilymphocyte",1
"apgar",1
"apolipoprotein",1
"appear",1
"appeared",1
"approached",1
"approved",1
"arginine",1
"arising",1
"armitage",1
"arn",1
"arteriography",1
"asian",1
"asphyxia",1
"aspirate",1
"assist",1
"assumptions",1
"atmosphere",1
"attack",1
"attacks",1
"attempt",1
"attended",1
"attenuates",1
"attributable",1
"attributed",1
"audit",1
"australian",1
"austriaspecial",1
"availability",1
"avoidance",1
"awaiting",1
"backed",1
"bands",1
"bangkok",1
"barcelona",1
"base",1
"basic",1
"becoming",1
"begins",1
"begun",1
"behavioral",1
"believed",1
"belonged",1
"besides",1
"best",1
"bfm",1
"bibliographic",1
"bihar",1
"bile",1
"bioinformatics",1
"biomarkers",1
"black",1
"body",1
"bootstrap",1
"borderline",1
"borne",1
"borns",1
"boson",1
"bottleneck",1
"bowel",1
"breastfeed",1
"british",1
"built",1
"c1653t",1
"calculating",1
"came",1
"campaigns",1
"canada",1
"candidate",1
"careful",1
"caribbean",1
"carry",1
"catheter",1
"causative",1
"cdr3",1
"certainty",1
"certified",1
"cfhpc",1
"chances",1
"characterised",1
"characteristically",1
"charge",1
"chemiluminesence",1
"chemo",1
"chief",1
"childbearing",1
"chimeric",1
"chronicity",1
"circulation",1
"circumstances",1
"cited",1
"cities",1
"classification",1
"clonality",1
"close",1
"closer",1
"clusters",1
"co22",1
"cochran",1
"coefficient",1
"collaborative",1
"collapse",1
"collect",1
"combining",1
"commencing",1
"commercial",1
"commoner",1
"compartmental",1
"complement",1
"completely",1
"component",1
"composed",1
"comprises",1
"computed",1
"concerned",1
"concurrently",1
"confer",1
"conference",1
"confirming",1
"conformed",1
"congenital",1
"consented",1
"consequently",1
"considerable",1
"considerably",1
"consideration",1
"considerations",1
"considering",1
"consistent",1
"consists",1
"constitute",1
"construction",1
"consultation",1
"consumption",1
"contacted",1
"contention",1
"contents",1
"context",1
"continuously",1
"contract",1
"contraindication",1
"contribute",1
"controlling",1
"conventional",1
"conversion",1
"corrected",1
"correlates",1
"cortisol",1
"counseling",1
"covariance",1
"covered",1
"covering",1
"cox",1
"crawling",1
"crisis",1
"crucial",1
"cumulative",1
"cutting",1
"cytology",1
"cytotoxic",1
"dataset",1
"dbeta1",1
"deaminase",1
"decade",1
"declining",1
"decreases",1
"decreasing",1
"deficiency",1
"degrees",1
"delhi",1
"delivering",1
"demand",1
"demonstrates",1
"demyelinating",1
"deny",1
"deoxyribonucleic",1
"dependence",1
"dependent",1
"deployment",1
"deposits",1
"dermatosis",1
"describes",1
"description",1
"designated",1
"desirable",1
"desire",1
"details",1
"deteriorated",1
"determining",1
"develops",1
"dfs",1
"diagnostic",1
"diarrhea",1
"diminishes",1
"direction",1
"disappearance",1
"discourage",1
"discouraged",1
"discovered",1
"discrepancy",1
"discriminate",1
"disorder",1
"disorders",1
"disposable",1
"distance",1
"distinctly",1
"distributed",1
"districts",1
"dn",1
"draw",1
"drawn",1
"dream",1
"ds",1
"duct",1
"dutch",1
"dynamic",1
"dysfunctional",1
"dysfunctionalized",1
"easl",1
"eastern",1
"edition",1
"educational",1
"efficacious",1
"egger",1
"eia",1
"elderly",1
"eldest",1
"eleven",1
"eliminates",1
"elucidated",1
"elucidation",1
"embedding",1
"embolization",1
"emergency",1
"emesis",1
"enabled",1
"encephalitis",1
"encoding",1
"encompassing",1
"encountered",1
"enhancement",1
"enriched",1
"enrollment",1
"ensure",1
"entered",1
"enterically",1
"entity",1
"epidemiological",1
"episode",1
"epitope",1
"eq",1
"equally",1
"era",1
"eradicate",1
"erchives",1
"eruption",1
"essential",1
"establishing",1
"estimation",1
"ethiopian",1
"ethnographic",1
"etv",1
"europe",1
"event",1
"every",1
"evicted",1
"ex",1
"excellence",1
"exchange",1
"excision",1
"excluding",1
"exclusion",1
"executing",1
"exhibited",1
"exist",1
"existence",1
"existing",1
"expected",1
"experiment",1
"expert",1
"expertise",1
"experts",1
"expressed",1
"extended",1
"extinct",1
"extraction",1
"extrahepatic",1
"extremities",1
"facilitated",1
"fact",1
"fail",1
"falls",1
"far",1
"fast",1
"fatality",1
"favorable",1
"favorite",1
"feasibility",1
"fecal",1
"feinberg",1
"fell",1
"females",1
"feminization",1
"fewer",1
"ffe5",1
"fibroscan",1
"fictitious",1
"final",1
"flamm",1
"fludrocortisone",1
"focal",1
"focus",1
"focused",1
"focuses",1
"fold",1
"form",1
"formed",1
"formulate",1
"formulated",1
"forward",1
"fourth",1
"fraction",1
"fragment",1
"french",1
"fulfilled",1
"funnel",1
"fusion",1
"g1899a",1
"gaining",1
"gains",1
"gammagt",1
"gbv",1
"generated",1
"genes",1
"genetics",1
"genomic",1
"girl",1
"girls",1
"giving",1
"glomeruli",1
"glomerulonephropathy",1
"glutamate",1
"glycine",1
"goals",1
"gounguin",1
"graded",1
"grand",1
"gray",1
"greece",1
"grouped",1
"guangdong",1
"guidance",1
"guiding",1
"guizhou",1
"gums",1
"gynaecology",1
"gynecology",1
"haenszel",1
"hai",1
"haplotype",1
"hbeab",1
"hbvdna",1
"hearts",1
"height",1
"hematological",1
"hematopoietic",1
"hence",1
"hepather",1
"hepatocyte",1
"hepatology",1
"hepatropic",1
"hepb1",1
"heroin",1
"hg",1
"histocompatibility",1
"histologic",1
"histology",1
"histories",1
"home",1
"hopefully",1
"horizontally",1
"hormone",1
"hospitalised",1
"how",1
"https",1
"hvc",1
"hydrocortisone",1
"hyperbilirubinemia",1
"hypertension",1
"hypertensive",1
"hypogammaglobulinemia",1
"hypoglycemia",1
"hypotension",1
"ifngamma",1
"illinois",1
"illustrates",1
"immnoprophylaxis",1
"immunisation",1
"immunized",1
"immuno",1
"immunochromatographic",1
"immunogenic",1
"immunology",1
"immunosuppressed",1
"impaired",1
"implement",1
"implementing",1
"implicated",1
"implication",1
"importantly",1
"improper",1
"improved",1
"inadequate",1
"inception",1
"include",1
"inclusive",1
"income",1
"incomplete",1
"incontinence",1
"indeed",1
"indirect",1
"individual",1
"induce",1
"induction",1
"infancy",1
"infect",1
"infectiosity",1
"infectiousness",1
"infestation",1
"infestations",1
"infinity",1
"influence",1
"info",1
"inhibitor",1
"injecting",1
"innovative",1
"insertional",1
"instituted",1
"institution",1
"institutions",1
"insufficiency",1
"insufficient",1
"insulin",1
"intensified",1
"interaction",1
"interleukin",1
"intermittent",1
"interpreted",1
"interprets",1
"interquartile",1
"interviews",1
"intra",1
"intrafamilial",1
"intrafamilially",1
"intrahepatic",1
"intramuscularly",1
"intravenously",1
"intriguing",1
"investigation",1
"investigators",1
"invited",1
"involvement",1
"isi",1
"isolation",1
"jadad",1
"jbeta2",1
"jharkhand",1
"jiangsu",1
"joining",1
"jointly",1
"kg",1
"kinds",1
"korea",1
"laboratories",1
"lacked",1
"lacking",1
"lady",1
"laminin",1
"languages",1
"larger",1
"last",1
"lasted",1
"lately",1
"latest",1
"latin",1
"lay",1
"learnt",1
"lectin",1
"lesion",1
"lessons",1
"lies",1
"lifelong",1
"lilac",1
"limbs",1
"limiting",1
"link",1
"links",1
"list",1
"ln",1
"loadsmother",1
"locked",1
"locus",1
"lymphocyte",1
"lymphocytes",1
"m12",1
"m18",1
"m552i",1
"machine",1
"magnetic",1
"mainland",1
"maintained",1
"maintenance",1
"malay",1
"males",1
"malignancy",1
"manager",1
"mandatory",1
"mannose",1
"mantel",1
"marijuana",1
"marital",1
"markedly",1
"marrow",1
"mastered",1
"material",1
"materials",1
"maternities",1
"matrix",1
"maybe",1
"mbl2",1
"meager",1
"measurement",1
"medicinechicago",1
"meet",1
"meetings",1
"member",1
"mesangial",1
"metabolites",1
"metalloproteinase",1
"metastasis",1
"metastatic",1
"methodological",1
"methylprednisolone",1
"microparticle",1
"microsomal",1
"midwifery",1
"mildly",1
"mimicry",1
"minimum",1
"minutes",1
"mixture",1
"mmp",1
"mo",1
"modalities",1
"modest",1
"modestly",1
"modification",1
"modify",1
"mongolia",1
"mongolian",1
"monitored",1
"mono",1
"monoinfected",1
"monophyletic",1
"monotherapy",1
"mortalities",1
"motifs",1
"moved",1
"moving",1
"multifactorial",1
"multiplexed",1
"murex",1
"myelin",1
"myelosuppression",1
"named",1
"namely",1
"namodelling",1
"naprophylactic",1
"natal",1
"nct01846455",1
"nct01962155",1
"nearly",1
"necessarily",1
"necessity",1
"neighbour",1
"neonatology",1
"neoplastic",1
"nephrotoxicity",1
"neutralization",1
"nevertheless",1
"nevirapine",1
"news",1
"nisdi",1
"noncirrhotic",1
"noninfectious",1
"nonpalindromic",1
"nontreated",1
"normalization",1
"normalized",1
"notably",1
"note",1
"november",1
"now",1
"npa",1
"npv",1
"nuclear",1
"nucleic",1
"nucleo",1
"nucleot",1
"nulliparity",1
"observers",1
"occurring",1
"offspring",1
"oncogenic",1
"oncological",1
"ones",1
"onward",1
"operation",1
"opinion",1
"opioid",1
"opportunities",1
"opportunity",1
"optimize",1
"option",1
"orally",1
"orf",1
"organized",1
"organizing",1
"ortho",1
"os",1
"outbreaks",1
"outside",1
"own",1
"panel",1
"papers",1
"paramount",1
"paraplegia",1
"parasitic",1
"parentally",1
"parisian",1
"parity",1
"parma",1
"partial",1
"partially",1
"participated",1
"parturition",1
"passed",1
"patents",1
"pathogenesis",1
"pathogenic",1
"pathologic",1
"pathologically",1
"pathway",1
"pathways",1
"paucity",1
"peginterferon",1
"pentamer",1
"pentamers",1
"pentavalent",1
"peptide",1
"percent",1
"periodical",1
"peripartum",1
"permits",1
"peroxidase",1
"pg",1
"phosphatase",1
"phylip",1
"phylogenestic",1
"piiinp",1
"pipeline",1
"pivotal",1
"place",1
"plan",1
"planned",1
"platelets",1
"platforms",1
"played",1
"plays",1
"plots",1
"poland",1
"policies",1
"polymorphism",1
"pool",1
"positively",1
"postexposure",1
"posttransplant",1
"postvaccination",1
"potassium",1
"potentially",1
"poverty",1
"ppm",1
"prec",1
"precocity",1
"predelivery",1
"prediction",1
"predicts",1
"prednisone",1
"predominance",1
"predominating",1
"prefecture",1
"prefer",1
"preference",1
"prélalences",1
"prematurely",1
"prematurity",1
"preparing",1
"prescribed",1
"pretreatment",1
"preventative",1
"primers",1
"prioritised",1
"priority",1
"prize",1
"probable",1
"procollagen",1
"produced",1
"product",1
"production",1
"programprofessor",1
"progressive",1
"progressively",1
"proliferation",1
"proline",1
"promote",1
"promoter",1
"propeptide",1
"proper",1
"properties",1
"prophylactic",1
"proportional",1
"proportions",1
"propose",1
"propositions",1
"prothrombin",1
"prove",1
"provider",1
"publication",1
"pulitzer",1
"purposes",1
"quantifiable",1
"quantified",1
"quantify",1
"quite",1
"radiofrequency",1
"radiologic",1
"ranging",1
"rank",1
"ranking",1
"rather",1
"rationalize",1
"reactions",1
"readers",1
"reappeared",1
"reason",1
"rebounded",1
"recipients",1
"recognition",1
"recommends",1
"reconsider",1
"reconsidered",1
"reconstruction",1
"recovered",1
"recurred",1
"recurrences",1
"recurrent",1
"reduction",1
"reevaluation",1
"references",1
"reflects",1
"refute",1
"regard",1
"registers",1
"regulatory",1
"reinforces",1
"reintegration",1
"relapsed",1
"relapsing",1
"relating",1
"remarkable",1
"remove",1
"repeatedly",1
"reporting",1
"requirement",1
"reservoir",1
"resonance",1
"respective",1
"respondents",1
"retreatment",1
"returned",1
"reveal",1
"revealing",1
"revman5",1
"right",1
"rise",1
"rlss",1
"rnas",1
"rrs",1
"rs8099917",1
"runx1",1
"runx1t1",1
"ruptured",1
"said",1
"sampling",1
"save",1
"scale",1
"scarce",1
"schedules",1
"schistosomiasis",1
"school",1
"sciences",1
"sclerosis",1
"scope",1
"scoring",1
"screen",1
"scrutinized",1
"searching",1
"sections",1
"seems",1
"segment",1
"segmental",1
"selective",1
"sensitive",1
"sent",1
"separately",1
"september",1
"sequentially",1
"sero",1
"serodiscordance",1
"service",1
"severely",1
"shannon",1
"she",1
"shengjing",1
"shortage",1
"shortly",1
"showing",1
"shows",1
"sib",1
"sign",1
"significative",1
"silent",1
"simulate",1
"simulating",1
"sinse",1
"situations",1
"sixty",1
"skin",1
"slightly",1
"slower",1
"social",1
"socio",1
"sociodemographic",1
"solar",1
"son",1
"soon",1
"spain",1
"spearman",1
"specialist",1
"specialists",1
"specificity",1
"spectrum",1
"spite",1
"sporadic",1
"spot",1
"sr",1
"stay",1
"step",1
"steven",1
"stiffness",1
"stillbirth",1
"stimulating",1
"stopped",1
"story",1
"stratification",1
"stratified",1
"strict",1
"stringent",1
"structure",1
"subcutaneously",1
"subdivided",1
"subendothelial",1
"subgroups",1
"suboptimal",1
"subset",1
"substudy",1
"subtype",1
"suburban",1
"sucra",1
"sudden",1
"sueface",1
"suffered",1
"sufficient",1
"sufficiently",1
"suitable",1
"summaries",1
"supporting",1
"suppression",1
"surgerynorthwestern",1
"surprisingly",1
"survive",1
"swedish",1
"swelling",1
"swen",1
"swift",1
"symmetrical",1
"symptomatic",1
"synthesize",1
"syringes",1
"systemic",1
"t1753v",1
"tailored",1
"taking",1
"tattoo",1
"team",1
"technique",1
"techniques",1
"temporal",1
"tended",1
"tentatively",1
"terminal",1
"terminated",1
"terminus",1
"theme",1
"therapies",1
"thereby",1
"threatened",1
"threshold",1
"thyroglobulin",1
"tobacco",1
"tolerability",1
"tolerance",1
"tolerated",1
"tomography",1
"took",1
"tool",1
"tools",1
"topics",1
"towards",1
"traced",1
"track",1
"train",1
"training",1
"transcriptase",1
"transfused",1
"translation",1
"transmissed",1
"transplacental",1
"transplant",1
"trend",1
"tried",1
"tropical",1
"truncates",1
"turkish",1
"tuscany",1
"twofold",1
"typical",1
"typically",1
"uk",1
"ultra",1
"ultrasonography",1
"umbilical",1
"unadjusted",1
"uncertainty",1
"unclarified",1
"unclassified",1
"uncontrolled",1
"und",1
"underdeveloped",1
"undergo",1
"undergoing",1
"underlined",1
"understanding",1
"understood",1
"undetermined",1
"unemployment",1
"unequivocal",1
"uneventful",1
"unfortunately",1
"unit",1
"united",1
"unlike",1
"unrecognised",1
"unrelated",1
"unreported",1
"unsatisfying",1
"unvaccinated",1
"urgent",1
"uropathies",1
"useful",1
"usefulness",1
"uterus",1
"vaccinating",1
"validated",1
"variations",1
"varicella",1
"vbeta17",1
"vbeta8",1
"veq",1
"verify",1
"vertebrae",1
"viability",1
"viable",1
"victoria",1
"vienna",1
"vientiane",1
"viewpoint",1
"vii",1
"viraemia",1
"virtually",1
"visit",1
"visited",1
"visiting",1
"vitiligo",1
"volume",1
"volunteers",1
"vulnerable",1
"water",1
"ways",1
"weakness",1
"weeksplus",1
"weights",1
"went",1
"wide",1
"withdrawal",1
"woman",1
"workers",1
"worsening",1
"written",1
"yaounde",1
"yeast",1
"young",1
"younger",1
"zoster",1
