"abstract_words","Freq"
"hepatitis",553
"hbv",517
"transmission",368
"virus",283
"women",269
"mothers",245
"children",243
"infection",229
"hcv",199
"positive",185
"mtct",179
"hbsag",167
"risk",162
"mother-to-child",161
"infants",158
"pregnant",158
"patients",136
"study",136
"born",122
"viral",115
"group",114
"maternal",110
"treatment",109
"</abstracttext>",103
"birth",101
"=",97
"95%",96
"ci",94
"infected",94
"antigen",92
"results",91
"child",85
"months",85
"dna",82
"mother",82
"delivery",77
"hbig",77
"p",74
"antiviral",73
"surface",72
"hiv",69
"age",68
"factors",67
"levels",67
"analysis",65
"hbeag",65
"prevention",65
"during",64
"liver",64
"load",64
"chronic",63
"la",62
"serum",62
"immunoprophylaxis",60
"pregnancy",59
"methods",56
"more",56
"significantly",56
"been",55
"compared",55
"showed",55
"china",54
"groups",54
"rna",53
"vaccine",52
"associated",51
"prevalence",51
"vs",51
"but",50
"strategy",50
"vaccination",50
"using",49
"genotype",48
"perinatal",46
"hbsag-positive",45
"newborns",45
"studies",45
"blood",44
"clinical",44
"immunization",44
"there",44
"which",44
"cirrhosis",43
"control",43
"tested",43
"efficacy",42
"higher",42
"therapy",42
"immunoglobulin",41
"rates",41
"respectively",41
"vertical",41
"infant",40
"significant",40
"negative",39
"our",39
"samples",39
"3%",38
"lower",38
"can",37
"case",37
"within",37
"both",36
"conclusions",36
"le",36
"low",36
"tenofovir",36
"5%",35
"administration",35
"anti-hbs",35
"health",35
"increased",35
"reduce",35
"used",35
"2%",34
"safety",34
"7%",33
"8%",33
"also",33
"disease",33
"1%",32
"up",32
"it",31
"level",31
"should",31
"transmitted",31
"10µg",30
"e",30
"enrolled",30
"screening",30
"third",30
"trials",30
"y",30
"diagnosis",29
"hcc",29
"immune",29
"incidence",29
"alt",28
"background",28
"developed",28
"en",28
"its",28
"pmtct",28
"present",28
"ratio",28
"section",28
"total",28
"4%",27
"antibodies",27
"based",27
"cases",27
"cohort",27
"determine",27
"hb",27
"including",27
"lamivudine",27
"region",27
"when",27
"&lt;",26
"6%",26
"babies",26
"et",26
"failure",26
"followed",26
"meld",26
"presence",26
"prophylaxis",26
"randomized",26
"telbivudine",26
"trimester",26
"did",25
"difference",25
"early",25
"effect",25
"model",25
"pcr",25
"score",25
"status",25
"type",25
"05",24
"9%",24
"confirmed",24
"hep-ksc",24
"horizontal",24
"outcomes",24
"vih",24
"01",23
"became",23
"detected",23
"evaluated",23
"important",23
"mortality",23
"preventing",23
"second",23
"syphilis",23
"through",23
"time",23
"addition",22
"aim",22
"asialoglycoprotein",22
"coinfection",22
"confidence",22
"el",22
"hepatocellular",22
"hev",22
"intervention",22
"number",22
"objective",22
"period",22
"pour",22
"received",22
"receptor",22
"0%",21
"assess",21
"carcinoma",21
"characteristics",21
"controlled",21
"could",21
"follow-up",21
"hepatic",21
"if",21
"into",21
"major",21
"observed",21
"overall",21
"patient",21
"positivity",21
"reported",21
"rr",21
"testing",21
"vaginal",21
"assessed",20
"evaluate",20
"evidence",20
"human",20
"median",20
"related",20
"strategies",20
"subjects",20
"vhb",20
"without",20
"about",19
"against",19
"conception",19
"conducted",19
"factor",19
"hcv-rna",19
"index",19
"indicated",19
"interval",19
"mean",19
"programme",19
"review",19
"searched",19
"tdf",19
"weeks",19
"+",18
"001",18
"aminotransferase",18
"analyzed",18
"antibody",18
"breast",18
"carrier",18
"co-infected",18
"each",18
"effects",18
"five",18
"four",18
"history",18
"hsv",18
"identify",18
"might",18
"p&lt;0",18
"per",18
"population",18
"prospective",18
"quasispecies",18
"revealed",18
"versus",18
"adverse",17
"aimed",17
"caesarean",17
"copies/ml",17
"despite",17
"ecs",17
"eight",17
"elective",17
"estimated",17
"following",17
"hav",17
"hbv-dna",17
"hbv-infected",17
"hepb",17
"increase",17
"investigate",17
"late",17
"meta-analysis",17
"million",17
"mode",17
"national",17
"needed",17
"nucleotide",17
"studied",17
"according",16
"active",16
"alanine",16
"anti-hcv",16
"available",16
"chinese",16
"considered",16
"del",16
"development",16
"dose",16
"hospital",16
"immunodeficiency",16
"iu/ml",16
"likely",16
"management",16
"mutations",16
"out",16
"outcome",16
"p=0",16
"program",16
"report",16
"sequences",16
"services",16
"six",16
"transplantation",16
"000",15
"africa",15
"although",15
"antenatal",15
"association",15
"cells",15
"collected",15
"delivered",15
"effective",15
"genotypes",15
"hbeag-positive",15
"infections",15
"medical",15
"method",15
"milk",15
"most",15
"natural",15
"need",15
"newborn",15
"none",15
"odds",15
"reduced",15
"response",15
"still",15
"such",15
"them",15
"treated",15
"whether",15
"while",15
"any",14
"breastfeeding",14
"care",14
"combined",14
"des",14
"even",14
"expression",14
"given",14
"hd",14
"les",14
"less",14
"markers",14
"phylogenetic",14
"public",14
"rcts;",14
"se",14
"sequence",14
"viremia",14
"whom",14
"00001",13
"0001",13
"acquired",13
"asymptomatic",13
"cesarean",13
"cochrane",13
"databases",13
"detection",13
"drugs",13
"gene",13
"hcv-infected",13
"high-risk",13
"hospitals",13
"mother-child",13
"mother-infant",13
"n",13
"rcts",13
"reaction",13
"role",13
"route",13
"sample",13
"screened",13
"series",13
"seropositive",13
"suggest",13
"test",13
"tests",13
"therefore",13
"thus",13
"variants",13
"-positive",12
"100<u+202f>iu",12
"200<u+202f>iu",12
"acyclovir",12
"assay",12
"caused",12
"chb",12
"clones",12
"combination",12
"cs",12
"current",12
"due",12
"embase",12
"engerix-b",12
"ev",12
"family",12
"ftct",12
"global",12
"heterogeneity",12
"identified",12
"igm",12
"las",12
"male",12
"multiple",12
"mutant",12
"new",12
"placenta",12
"polymerase",12
"possible",12
"pubmed",12
"que",12
"regression",12
"selected",12
"sequencing",12
"single",12
"sub-saharan",12
"symptoms",12
"trial",12
"would",12
";",11
"achieved",11
"additional",11
"administered",11
"adult",11
"baby",11
"because",11
"being",11
"boy",11
"calculated",11
"chain",11
"core",11
"cost-effectiveness",11
"coverage",11
"database",11
"drug",11
"events",11
"findings",11
"frequency",11
"genome",11
"guidelines",11
"hdv",11
"he",11
"implementation",11
"india",11
"integrated",11
"intrauterine",11
"knowledge",11
"loads",11
"logistic",11
"mtc",11
"neonates",11
"nine",11
"obtained",11
"occurred",11
"p<u+200a>=<u+200a>0",11
"passive-active",11
"peripheral",11
"placebo",11
"products",11
"range",11
"risks",11
"selection",11
"seven",11
"suggested",11
"svr",11
"times",11
"viremic",11
"achieve",10
"acute",10
"aims",10
"antivirals",10
"carriers",10
"changes",10
"complications",10
"correlation",10
"cost",10
"criteria",10
"dendritic",10
"detectable",10
"elevated",10
"fib-4",10
"goal",10
"hgv",10
"hhv-8",10
"hiv-1",10
"homology",10
"international",10
"interventions",10
"isolates",10
"june",10
"literature",10
"maternoinfantil",10
"p &lt; 0",10
"p<u+2009>&lt;<u+2009>",10
"p<u+202f>=<u+202f>",10
"persons",10
"plasma",10
"potential",10
"receive",10
"reviewed",10
"sera",10
"serological",10
"sífilis",10
"t-cell",10
"target",10
"universal",10
"values",10
"04",9
"95 %",9
"african",9
"aged",9
"area",9
"assessment",9
"benefit",9
"blocking",9
"cell",9
"center",9
"clearance",9
"cost-effective",9
"countries",9
"course",9
"decreased",9
"defined",9
"differences",9
"endemic",9
"hbs",9
"hcvrna",9
"his",9
"january",9
"japan",9
"long-term",9
"multivariate",9
"optimal",9
"order",9
"p = 0",9
"postpartum",9
"prospectively",9
"protective",9
"recommended",9
"regarding",9
"remains",9
"same",9
"science",9
"scores",9
"survival",9
"tnf-alpha",9
"ttv",9
"vaccinated",9
"whereas",9
"whose",9
"[0",8
"[ci]",8
"100%",8
"12<u+202f>months",8
"50%",8
"7<u+202f>months",8
"additionally",8
"ag",8
"amniocentesis",8
"analyses",8
"anti-hav",8
"antiretroviral",8
"application",8
"appropriate",8
"assisted",8
"averted",8
"bias",8
"cdna",8
"circulating",8
"compare",8
"compensated",8
"cord",8
"couple-based",8
"cp",8
"december",8
"design",8
"designed",8
"diseases",8
"disoproxil",8
"does",8
"elimination",8
"especially",8
"estimate",8
"father",8
"feeding",8
"femmes",8
"g145r",8
"general",8
"gov",8
"hbsag+ve",8
"hcv-positive",8
"hvl",8
"improve",8
"incremental",8
"infectious",8
"known",8
"lc",8
"los",8
"main",8
"mère-enfant",8
"mujeres",8
"neonatal",8
"nucleoside",8
"objectives",8
"occur",8
"occurs",8
"para",8
"participants",8
"pressure",8
"problem",8
"programa",8
"provided",8
"providing",8
"ptme",8
"ptmi",8
"receiving",8
"relationship",8
"research",8
"rt-pcr",8
"sensitivity",8
"show",8
"some",8
"stage",8
"syndrome",8
"therapeutic",8
"they",8
"transcripts",8
"transmisión",8
"tsa",8
"vd",8
"weight",8
"world",8
"yet",8
"03",7
"07",7
"60%",7
"above",7
"absence",7
"activity",7
"adjusted",7
"all-cause",7
"analogs",7
"areas",7
"articles",7
"awareness",7
"below",7
"births",7
"cah-b",7
"carried",7
"cause",7
"child-pugh",7
"clinicaltrials",7
"comparable",7
"comparing",7
"concentration",7
"confirm",7
"country",7
"daily",7
"delayed",7
"determinant",7
"developing",7
"diagnosed",7
"discontinuation",7
"diversity",7
"effectively",7
"efforts",7
"evolution",7
"families",7
"frequent",7
"fumarate",7
"furthermore",7
"gestation",7
"highest",7
"highly",7
"hiv-infected",7
"hla",7
"ia",7
"impairment",7
"importance",7
"information",7
"introduction",7
"investigated",7
"key",7
"later",7
"least",7
"log10",7
"loss",7
"made",7
"mainly",7
"many",7
"measures",7
"minor",7
"mn",7
"models",7
"normal",7
"once",7
"over",7
"parameters",7
"particularly",7
"partners",7
"pattern",7
"pooled",7
"proportion",7
"quality",7
"questionnaire",7
"random-effects",7
"reach",7
"records",7
"reducing",7
"remained",7
"remaining",7
"responses",7
"routine",7
"s",7
"serologic",7
"seroprevalence",7
"significance",7
"sites",7
"spread",7
"statistical",7
"suggests",7
"thailand",7
"twice",7
"under",7
"undetectable",7
"utero",7
"very",7
"via",7
"week",7
"will",7
"%",6
"&quot;",6
"&quot;a&quot;",6
"08",6
"25%",6
"42%",6
"5µg",6
"83%",6
"across",6
"algorithm",6
"along",6
"amplified",6
"analysed",6
"and/or",6
"anti-hbe",6
"anti-hcv-positive",6
"arm",6
"asia",6
"assessing",6
"auroc",6
"autoimmune",6
"biopsy",6
"breast-feeding",6
"breastfed",6
"buprenorphine",6
"clínicas",6
"coinfected",6
"common",6
"comprised",6
"concentrations",6
"contrast",6
"correlated",6
"dans",6
"days",6
"decrease",6
"du",6
"economic",6
"eliminate",6
"embarazadas",6
"empirical",6
"enceintes",6
"été",6
"evaluating",6
"evaluation",6
"examined",6
"excluded",6
"exposure",6
"fertility",6
"few",6
"free",6
"fue",6
"gained",6
"gestational",6
"hbsab",6
"hbv/hdv",6
"hbvac",6
"hundred",6
"i",6
"ib",6
"immunogenicity",6
"impact",6
"initial",6
"initiated",6
"isoform",6
"july",6
"labor",6
"life",6
"life-years",6
"live",6
"log",6
"majority",6
"matched",6
"measured",6
"medline",6
"mononuclear",6
"naloxone",6
"nm",6
"observational",6
"ont",6
"p<u+2009>=<u+2009>0",6
"persistent",6
"pga",6
"plus",6
"pm",6
"pregnancies",6
"preventive",6
"primary",6
"project",6
"ranged",6
"ratios",6
"relative",6
"required",6
"resolved",6
"result",6
"retrospective",6
"reverse",6
"rr = 0",6
"secondary",6
"seen",6
"sequenced",6
"serious",6
"set",6
"severe",6
"since",6
"soins",6
"staff",6
"standardized",6
"statistically",6
"strain",6
"suggesting",6
"summary",6
"surveillance",6
"system",6
"systematic",6
"systematically",6
"taken",6
"tbd",6
"timing",6
"transaminase",6
"understand",6
"uninfected",6
"until",6
"value",6
"virus-transmitting",6
"worldwide",6
"wpr",6
"x",6
"[or]",5
"=10",5
"12 months",5
"13%",5
"1b",5
"29%",5
"57/702",5
"85%",5
"90%",5
"affect",5
"ag-positive",5
"agent",5
"albumin",5
"alcohol",5
"amino",5
"anti-hepatitis",5
"antigen-positive",5
"approximately",5
"baseline",5
"become",5
"benefits",5
"better",5
"biological",5
"cancer",5
"cea",5
"centers",5
"central",5
"childhood",5
"chronically",5
"completed",5
"completion",5
"complication",5
"controls",5
"county",5
"cps",5
"cross-sectional",5
"d",5
"decision",5
"degree",5
"demonstrated",5
"derived",5
"discussed",5
"doses",5
"education",5
"effectiveness",5
"enough",5
"envelope",5
"escape",5
"expanded",5
"fatal",5
"fathers",5
"finding",5
"fulminant",5
"function",5
"genotyping",5
"globulin",5
"harms",5
"hbeag-negative",5
"hbsag-",5
"hbv-positive",5
"hcv-induced",5
"icer",5
"identical",5
"idu",5
"igg",5
"ii",5
"increases",5
"increasing",5
"independently",5
"indicating",5
"individuals",5
"initiate",5
"injection",5
"interferon",5
"interrupt",5
"interrupting",5
"intervals",5
"lack",5
"located",5
"long",5
"marker",5
"members",5
"membranous",5
"miu/ml",5
"moderate",5
"month",5
"multicenter",5
"must",5
"nationwide",5
"nested",5
"ngs",5
"non-transmitting",5
"obs/gyn",5
"october",5
"onset",5
"p<u+200a>&lt;<u+200a>",5
"p<u+200a>=<u+200a>",5
"paediatric",5
"parents",5
"passive",5
"people",5
"persistently",5
"practices",5
"predominantly",5
"prenatal",5
"preterm",5
"prevalent",5
"prior",5
"process",5
"protection",5
"province",5
"publications",5
"recommendations",5
"regional",5
"regions",5
"relevant",5
"remission",5
"rna-positive",5
"rural",5
"safe",5
"sequential",5
"seroconversion",5
"shown",5
"similar",5
"size",5
"started",5
"starting",5
"survey",5
"t",5
"tcr",5
"term",5
"throughout",5
"titer",5
"titers",5
"twelve",5
"underwent",5
"venous",5
"virologic",5
"web",5
"&lt;3",4
"[95%",4
"+/-",4
"00",4
"02",4
"06",4
"12 %",4
"15%",4
"18%",4
"24%",4
"24h",4
"38%",4
"5-30%",4
"58%",4
"6-month",4
"7 millions",4
"70-90%",4
"9-15 months",4
"93%",4
"à",4
"abnormal",4
"ac",4
"account",4
"adults",4
"again",4
"al",4
"alone",4
"aminotransferases",4
"annual",4
"anti-hbv",4
"anti-hev",4
"apai",4
"appears",4
"approach",4
"around",4
"aspartate",4
"atención",4
"au",4
"august",4
"avec",4
"avoided",4
"booster",4
"breakthrough",4
"burden",4
"cba",4
"cd4",4
"centres",4
"clarify",4
"class",4
"clonal",4
"co-infection",4
"co-transmission",4
"colocalization",4
"comparison",4
"complete",4
"complex",4
"complexes",4
"consecutive",4
"constructed",4
"contact",4
"corresponding",4
"costs",4
"count",4
"counties",4
"couples",4
"csf",4
"cut-off",4
"dalys",4
"death",4
"deliveries",4
"demonstrate",4
"dépistage",4
"described",4
"detect",4
"direct",4
"discharge",4
"distribution",4
"double",4
"dual-positive",4
"eliminating",4
"en 2013",4
"end",4
"end-stage",4
"endoscopic",4
"english",4
"entecavir",4
"entre",4
"epitopes",4
"established",4
"était",4
"exacerbation",4
"explore",4
"explored",4
"father-to-child",4
"feasible",4
"female",4
"fetal",4
"fetus",4
"fibrosis",4
"fifteen",4
"follow",4
"follows",4
"foundation",4
"future",4
"g",4
"gavi",4
"generally",4
"genetic",4
"genomes",4
"geometric",4
"glomerulonephritis",4
"gmc",4
"gradient",4
"having",4
"hbe",4
"hbsag+",4
"hbv-specific",4
"hcv+",4
"hdv-infected",4
"hepato-biliary",4
"hepb-bd",4
"hepb3",4
"her",4
"here",4
"hiv/hbv",4
"i2",4
"icers",4
"identifying",4
"iii",4
"immunity",4
"implications",4
"independent",4
"indicate",4
"indicates",4
"indicators",4
"induced",4
"infants'",4
"initiation",4
"injected",4
"injections",4
"interruption",4
"issue",4
"issues",4
"iu",4
"journals",4
"l'ensemble",4
"laboratory",4
"lamivudine-resistant",4
"ldt",4
"leur",4
"life-saving",4
"local",4
"lost",4
"lys",4
"medicus",4
"membrane",4
"membranes",4
"met",4
"mixed",4
"moment",4
"morbidity",4
"mother/child",4
"much",4
"mutants",4
"nacional",4
"necessary",4
"necrosis",4
"needs",4
"neonate",4
"network",4
"newly",4
"nombre",4
"nor",4
"novo",4
"observation",4
"old",4
"older",4
"online",4
"organization",4
"ovid",4
"p<u+2009>&gt;<u+2009>",4
"p<u+202f>=<u+202f>0",4
"p=",4
"pacific",4
"percentage",4
"perinatally",4
"perspective",4
"physicians",4
"point",4
"polyendocrine",4
"por",4
"precore",4
"predicting",4
"prénatals",4
"presented",4
"presenting",4
"prevención",4
"prévention",4
"previously",4
"probably",4
"prognostic",4
"protein",4
"proved",4
"provide",4
"prueba",4
"pruebas",4
"purpose",4
"qaly",4
"qalys",4
"randomised",4
"reached",4
"recent",4
"recombinant",4
"recommend",4
"referred",4
"refit",4
"register",4
"remain",4
"renal",4
"replication",4
"residence",4
"rupture",4
"saved",4
"servicios",4
"setting",4
"sexual",4
"shenzhen",4
"side",4
"signs",4
"sixteen",4
"sont",4
"southern",4
"specific",4
"stages",4
"states",4
"stool",4
"stpoc",4
"strains",4
"strongly",4
"success",4
"suspicion",4
"sustained",4
"taiwan",4
"targets",4
"taux",4
"telbivudine-treated",4
"terms",4
"then",4
"thirteen",4
"threat",4
"titre",4
"transcript",4
"transcription",4
"transmissions",4
"transmitting",4
"triple",4
"un",4
"univariate",4
"unknown",4
"urgently",4
"vaginally",4
"various",4
"vbeta13",4
"ve",4
"vip",4
"virological",4
"virus-related",4
"viruses",4
"western",4
"within-host",4
"wuhan",4
"yunnan",4
"zero",4
"&gt;",3
"=2",3
"=95%",3
"0-1",3
"007",3
"043",3
"07-0",3
"11%",3
"12%",3
"1st",3
"22-0",3
"26%",3
"2a",3
"3-month",3
"30%",3
"31%",3
"37%",3
"45%",3
"50;",3
"6-12",3
"61%",3
"66;",3
"67%",3
"68%",3
"69%",3
"91%",3
"97%",3
"a1762t/g1764a",3
"abstracted",3
"accounted",3
"achievement",3
"active-passive",3
"advanced",3
"agents",3
"ages",3
"albi",3
"allele",3
"almost",3
"another",3
"antepartum",3
"anti-viral",3
"antibody-positive",3
"antihcv",3
"aor",3
"applied",3
"aspects",3
"assumed",3
"ast",3
"attending",3
"authors",3
"aux-23",3
"aware",3
"b2",3
"basement",3
"basis",3
"bcr",3
"beginning",3
"beta-chain",3
"biomedical",3
"buprenorphine/naloxone",3
"cannot",3
"carefully",3
"cart",3
"characteristic",3
"characterize",3
"chemotherapy",3
"child-mother",3
"child-turcotte-pugh",3
"china's",3
"choice",3
"cirrhotic",3
"citation",3
"clinic",3
"clinicians",3
"clinics",3
"cloned",3
"closely",3
"cluster",3
"cohorts",3
"collaboration",3
"comparative",3
"complexity",3
"complicated",3
"comprehensive",3
"concern",3
"concordance",3
"condition",3
"consecutively",3
"consent",3
"contamination",3
"continued",3
"continuous",3
"contributes",3
"controversial",3
"countries/areas",3
"counts",3
"ctp",3
"curve",3
"dbeta2",3
"decision-analytic",3
"defects",3
"describe",3
"develop",3
"died",3
"differ",3
"differential",3
"diffuse",3
"disappeared",3
"discontinued",3
"discuss",3
"divided",3
"documented",3
"dominant",3
"done",3
"dosage",3
"double-blind",3
"duration",3
"dysfunction",3
"e-antigen",3
"efficiently",3
"egypt",3
"either",3
"electronic",3
"elevation",3
"elisa",3
"endemicity",3
"endpoints",3
"enzyme",3
"enzyme-linked",3
"equal",3
"esophageal",3
"european",3
"examine",3
"excellent",3
"except",3
"expansions",3
"experienced",3
"exposed",3
"extracted",3
"extrauterine",3
"facilities",3
"famciclovir",3
"february",3
"field",3
"figures",3
"foetus",3
"former",3
"formula-fed",3
"forty-three",3
"fourteen",3
"framework",3
"france",3
"full-length",3
"fully",3
"g1896a",3
"glomerular",3
"good",3
"grade",3
"gradually",3
"greater",3
"guide",3
"guideline",3
"hazard",3
"hbsag-negative",3
"hbvacc",3
"hcc-al",3
"hcc-related",3
"hcv-antibody",3
"hcv-lc",3
"hcv/hiv",3
"healthcare",3
"heteroduplex",3
"heterogeneous",3
"humans",3
"i-squared<u+2009>=<u+2009>0%",3
"imeld",3
"immediately",3
"immunoassay",3
"immunoprophylactic",3
"immunosorbent",3
"inclusion",3
"infectivity",3
"inflammation",3
"influenced",3
"informed",3
"infrastructure",3
"intermediate",3
"intravenous",3
"introduced",3
"investigations",3
"involved",3
"involving",3
"japanese",3
"jbeta1",3
"kidney",3
"knew",3
"lao",3
"leads",3
"lesions",3
"leukocyte",3
"lifetime",3
"limited",3
"llr",3
"longer",3
"maintaining",3
"markov",3
"measure",3
"meso",3
"mobility",3
"molecular",3
"mother-to-infant",3
"multi-center",3
"mutation",3
"nas",3
"nct01745822",3
"neither",3
"next-generation",3
"non-rcts",3
"ns",3
"offered",3
"oligoclonal",3
"operating",3
"pair",3
"pan",3
"participant",3
"particular",3
"parts",3
"passively",3
"past",3
"patient's",3
"pediatric",3
"person",3
"placebo-controlled",3
"platelet",3
"populations",3
"poses",3
"possibility",3
"post",3
"post-vaccination",3
"postnatal",3
"postoperative",3
"power",3
"practice",3
"predictive",3
"presentation",3
"prevents",3
"previous",3
"probability",3
"problems",3
"prognosis",3
"programmes",3
"progress",3
"progression",3
"prolonged",3
"promising",3
"prone",3
"proven",3
"provinces",3
"quality-adjusted",3
"questionnaires",3
"raised",3
"random",3
"rare",3
"rct",3
"reactivation",3
"receiver",3
"recommendation",3
"reduces",3
"referral",3
"registered",3
"registry",3
"relatively",3
"replicative",3
"reports",3
"respect",3
"retrieved",3
"routes",3
"rr<u+2009>=<u+2009>0",3
"run",3
"s1",3
"s2",3
"s3",3
"sbp",3
"scopus",3
"search",3
"seventeen",3
"sex",3
"similarity",3
"structured",3
"subgenotype",3
"subgenotypes",3
"substitution",3
"successfully",3
"suffering",3
"support",3
"surgery",3
"surrogate",3
"surveyed",3
"suspected",3
"technical",3
"thai",3
"thirty-four",3
"though",3
"tnf-a",3
"treating",3
"treatments",3
"trimesters",3
"tumor",3
"underlying",3
"university",3
"variant",3
"varices",3
"vbeta20",3
"vbeta3",3
"vdr",3
"verified",3
"viraemic",3
"way",3
"well-designed",3
"well-known",3
"where",3
"whole",3
"'e'",2
"-2",2
"-5",2
"-infected",2
"&gt;1%",2
"&gt;10",2
"&gt;200",2
"&gt;200 000<u+2009>iu/ml",2
"&gt;300 iu/l",2
"&gt;50 ml/min",2
"&lt;1",2
"&lt;1%",2
"&lt;1000 g",2
"&lt;2",2
"&lt;5;",2
"&lt;8;",2
"&quot;flare&quot;",2
"[1",2
"[11/176]",2
"[12/129]",2
"[hbsag",2
"[hr]",2
"]",2
"¥",2
"¥59",2
"¥646",2
"¥819",2
"¥837",2
"<u+200a>&lt;<u+200a>2<u+200a>×<u+200a>10<u+200a>iu/ml",2
"<u+4e3a><u+5b55><u+5987><u+540c><u+65f6><u+514d><u+8d39><u+63d0><u+4f9b><u+6240><u+6709><u+4e09><u+9879><u+68c0><u+6d4b><u+3002><u+5de5><u+4f5c><u+5305><u+542b><u+8fdb><u+4e00><u+6b65><u+7684><u+5e72><u+9884><u+63aa><u+65bd>",2
"=0",2
"=15 years",2
"=18 years",2
"=9 %",2
"®",2
"0-74",2
"0;",2
"000<u+2009>u/ml",2
"00001;",2
"005",2
"006",2
"0077",2
"008",2
"01/01/2004",2
"01/01/2015",2
"010",2
"013",2
"042",2
"04miu/ml",2
"06%",2
"062",2
"07-1",2
"09",2
"09<u+202f>miu/ml",2
"1-13",2
"1-7-year-old",2
"1 millions",2
"10%",2
"10/475",2
"10;",2
"10<u+202f>µg",2
"100 000 naissances",2
"1000-1499 g",2
"1000miu/ml",2
"1156 pays",2
"12-24",2
"12-nucleotide",2
"12 600 000",2
"12 720 000",2
"12 730 000",2
"12/632",2
"12<u+202f>h",2
"13 070 000",2
"13;",2
"14/1407",2
"149/218",2
"15 years",2
"1500-1999 g",2
"157-0",2
"16miu/ml",2
"17-4",2
"17%",2
"17;",2
"19%",2
"1a",2
"2-month",2
"2%;",2
"20;",2
"200iu",2
"2010<u+5e74><u+4e00><u+9879><u+7efc><u+5408><u+6807><u+51c6><u+5316>hiv<u+3001><u+6885><u+6bd2><u+548c>hbv<u+6bcd><u+5a74><u+4f20><u+64ad><u+9884><u+9632><u+5de5><u+4f5c><u+7684><u+5de5><u+4f5c><u+5728>1156<u+4e2a><u+53bf><u+5b9e><u+65bd><u+3002><u+5728><u+53c2><u+4e0e><u+8be5><u+5de5><u+4f5c><u+7684><u+4ea7><u+524d><u+4fdd><u+5065><u+8bca><u+6240><u+4e2d>",2
"21-0",2
"22%",2
"23/305",2
"24 months",2
"25 912",2
"25;",2
"252-0",2
"26;",2
"268 201",2
"27%",2
"28 weeks'",2
"3-dose",2
"3-year",2
"3 %",2
"3 years",2
"3]",2
"30 years",2
"30]",2
"300 mg",2
"30th",2
"31miu/ml",2
"33%",2
"4-year-old",2
"4 years",2
"40%",2
"40;",2
"431/439",2
"46%",2
"468;",2
"47<u+202f>miu/ml",2
"48%",2
"48/475",2
"48];",2
"48<u+202f>hours",2
"48miu/ml",2
"49%",2
"496/511",2
"5-5",2
"5 450 000",2
"5 millions",2
"5%;",2
"5]",2
"500;",2
"51 478",2
"529/537",2
"53%",2
"53;",2
"56<u+202f>miu/ml",2
"6-7 %",2
"6 millions",2
"6 months",2
"609/620",2
"61-0",2
"64%",2
"64miu/ml;",2
"65-0",2
"7-month-old",2
"7-year-old",2
"70-0",2
"71%",2
"76%",2
"77%",2
"77;",2
"79%",2
"79miu/ml",2
"8-year-old",2
"8 %",2
"8/545",2
"80%",2
"81-0",2
"81%",2
"84-0",2
"87miu/ml",2
"9-12",2
"9 %",2
"90 %",2
"9194/51",2
"95;",2
"95<u+202f>miu/ml",2
"96%",2
"98%",2
"à 6",2
"à 60",2
"able",2
"abortion",2
"absent",2
"access",2
"adefovir",2
"adequate",2
"adjunctive",2
"adjustment",2
"administering",2
"adolescents",2
"alcohol;",2
"alpha",2
"ambitious",2
"america",2
"amino-acid",2
"analog",2
"analogues",2
"analyse",2
"analysing",2
"analyze",2
"annually",2
"anti",2
"anti-hav-positive",2
"anti-hbc",2
"anti-hdv",2
"anti-ns4",2
"anti-virals",2
"antigen-",2
"antigens",2
"aor<u+2009>=<u+2009>0",2
"apparent",2
"approaches",2
"arterial",2
"article",2
"asia;",2
"asistieron",2
"assays",2
"assigned",2
"associations",2
"assuming",2
"attempted",2
"attention",2
"auc",2
"aucun",2
"augmenté",2
"aumentó",2
"aux",2
"avait",2
"avoiding",2
"b-cell",2
"bacterial",2
"bayesian",2
"began",2
"belonging",2
"beneficial",2
"bénéficiant",2
"bénéficier",2
"binding",2
"biochemical",2
"blind",2
"block",2
"blockade",2
"bone",2
"bound",2
"brazil",2
"breast-fed",2
"bw",2
"c2",2
"cada",2
"cameroon",2
"candidates",2
"capita",2
"cas",2
"case-control",2
"categorized",2
"caucasian",2
"causes",2
"causing",2
"caution",2
"cbm",2
"cells/µl",2
"centros",2
"cerevisiae-derived",2
"ces",2
"challenging",2
"characterization",2
"characterized",2
"childbirth",2
"childcare",2
"childhood-onset",2
"children;",2
"chine",2
"chinois",2
"chord",2
"chuté",2
"class-a",2
"cliniques",2
"clonally",2
"clone-based",2
"cnki",2
"co-infections",2
"codon",2
"coefficients",2
"colaboración",2
"combinations",2
"comenzó",2
"commercially",2
"commonly",2
"como",2
"comparisons",2
"complementary",2
"components",2
"con",2
"concentration-time",2
"concerning",2
"concerns",2
"conclusive",2
"condados",2
"confirmed<u+2009>&lt;<u+2009>60 iu/l",2
"confrontée",2
"congénita",2
"congénital",2
"consensus",2
"consequences",2
"conservative",2
"consider",2
"consisted",2
"consisting",2
"continues",2
"contributed",2
"contrôle",2
"copies",2
"correctly",2
"correlations",2
"correspondingly",2
"courantes",2
"coverage;",2
"cr",2
"creatinine",2
"critical",2
"crude",2
"ctl",2
"ctls",2
"currently",2
"curves",2
"cutaneous",2
"d'infection",2
"daly",2
"damage",2
"date",2
"dates",2
"dcs",2
"de-carrier",2
"de 5",2
"de 7",2
"de 8",2
"débuté",2
"decisions",2
"decline",2
"decompensation",2
"defect",2
"delay",2
"demonstrating",2
"demostró",2
"depending",2
"deposition",2
"desafíos",2
"diabetes",2
"dichotomous",2
"difficultés",2
"diffusion",2
"disability-adjusted",2
"discordance",2
"discrepancies",2
"disease;",2
"displayed",2
"document",2
"domains",2
"donor",2
"dosages",2
"e2",2
"earlier",2
"efficacité",2
"efficiency",2
"efficient",2
"eficaz",2
"egyptian",2
"electronically",2
"eligible",2
"eliminación",2
"elispot",2
"elucidate",2
"emerged",2
"emergence",2
"empirically",2
"employed",2
"en 2003",2
"en 2009",2
"en 2010",2
"encore",2
"encourage",2
"endocytosis",2
"endorsed",2
"endpoint",2
"enfants",2
"enfermedades",2
"entre 2010 et 2013",2
"entropy",2
"entry",2
"enzymes",2
"epi",2
"errors",2
"esfuerzos",2
"est",2
"establish",2
"estandarizaba",2
"estimates",2
"ethiopia",2
"etiologies",2
"etiology",2
"ev-free",2
"evaluable",2
"evident",2
"exacerbations",2
"examination",2
"exceptional",2
"exhibiting",2
"expansion",2
"experimental",2
"exposures",2
"extent",2
"extra",2
"extrapolating",2
"face",2
"facilitate",2
"factible",2
"failed",2
"faisabilité",2
"father-mother-child",2
"fatigue",2
"features",2
"fever",2
"fib-4&lt;1",2
"financial",2
"five-year",2
"fixed-effect",2
"florescence",2
"flowcytometry",2
"foetal",2
"font",2
"forma",2
"formar",2
"frente",2
"frequencies",2
"gave",2
"gdp",2
"genbank",2
"gender",2
"generales",2
"généraux",2
"gianotti-crosti",2
"glomerulopathy",2
"grandmother",2
"gratuit",2
"gratuita",2
"gratuitement",2
"gratuito",2
"great",2
"greatly",2
"green",2
"growing",2
"growth",2
"h",2
"ha",2
"había",2
"haciendo",2
"half",2
"hand",2
"harmonisait",2
"hav-rna",2
"hbc",2
"hbv-carrier",2
"hbv-carrying",2
"hbv-exposed",2
"hbv-related",2
"hbv/hiv",2
"hbv;",2
"hbvcc-bd",2
"hcc-risk",2
"hcv-ab",2
"hcv/hiv-co-infected",2
"help",2
"hepatitis b",2
"hepatocytes",2
"herpes",2
"high-frequency",2
"high-load",2
"highlight",2
"highlighter",2
"highlights",2
"hijos",2
"histochemistry",2
"histological",2
"hiv-",2
"hiv-2",2
"hiv-hcv",2
"hiv-positive",2
"hiv-rna",2
"hiv/hcv-coinfected",2
"hiv+",2
"hôpitaux",2
"hospitales",2
"host",2
"hours",2
"hr",2
"humaine",2
"humana",2
"hunan",2
"hybridization",2
"hypervariable",2
"hypothesized",2
"ictrp",2
"idea",2
"identifier",2
"il",2
"il28b",2
"ils",2
"imaging",2
"immediate",2
"immunoblot",2
"immunoblotting",2
"immunofluorescence",2
"immunoglobulins",2
"immunopathogenesis",2
"immuonocomprimised",2
"implemented",2
"implies",2
"in-utero",2
"inactive",2
"incidences",2
"incident",2
"includes",2
"incluses",2
"incluyó",2
"indian",2
"indices",2
"indirectness",2
"indocyanine",2
"inevitable",2
"infección",2
"infectada",2
"infectadas",2
"infectée",2
"infectées",2
"infecting",2
"influencing",2
"inform",2
"infrequent",2
"inmunodeficiencia",2
"inno-lipa",2
"insertion",2
"institute",2
"integraba",2
"integrada",2
"integrados",2
"intégrait",2
"integration",2
"intégrée",2
"intégrés",2
"intensity",2
"intensive",2
"intention-to-treat",2
"interest",2
"interestingly",2
"interpreting",2
"interrelated",2
"interrupted",2
"intervenciones",2
"interventional",2
"investigating",2
"iqr",2
"ireland",2
"isolated",2
"italy",2
"itching",2
"janeiro",2
"joint",2
"junction",2
"kangtai",2
"knodell's",2
"korean",2
"l'élimination",2
"l'hépatite",2
"l'immunodéficience",2
"label",2
"laparoscopic",2
"largely",2
"latter",2
"lays",2
"lbw",2
"leading",2
"led",2
"lesser",2
"leukemia",2
"leurs",2
"level<u+2009>&lt;<u+2009>30 iu/l",2
"levels;",2
"library",2
"likelihood",2
"limitations",2
"line",2
"lists",2
"live-born",2
"livebirths",2
"locales",2
"locaux",2
"log-iu/ml",2
"log10<u+200a>iu/ml",2
"longitudinal",2
"ltd",2
"ly",2
"madres",2
"maintenant",2
"maladies",2
"malformation",2
"march",2
"marcha",2
"marked",2
"maternally",2
"maternels",2
"maternity",2
"materno-fetal",2
"maximal",2
"maximum",2
"md",2
"means",2
"mechanism",2
"mechanisms",2
"medication",2
"medium",2
"meld-na",2
"meld&lt;9",2
"mellitus",2
"même",2
"mères",2
"meta-analyses",2
"metastases",2
"methodology",2
"micrograms",2
"microscopy",2
"middle",2
"milan",2
"mild",2
"mis",2
"mismo",2
"mistakenly",2
"ml",2
"mobile",2
"momento",2
"monocentric",2
"montré",2
"moreover",2
"mortem",2
"mostly",2
"mother's",2
"mother-to-child-transmission",2
"mother/infant",2
"mothers'",2
"mrna",2
"mtct;",2
"mucositis",2
"multivariable",2
"n'y",2
"n = 22",2
"n=33",2
"nacidos",2
"nacionales",2
"nationaux",2
"nature",2
"nct02044055",2
"near",2
"negatively",2
"neglected",2
"net-gain",2
"next",2
"ng/ml",2
"ningún",2
"non-comparative",2
"non-hvl",2
"non-overlapping",2
"non-responder",2
"non-specific",2
"non-svr",2
"nonamniocentesis",2
"nonviremic",2
"north",2
"nosocomial",2
"noted",2
"notificada",2
"nucs",2
"numbering",2
"número",2
"obi",2
"observe",2
"obstetric",2
"obstetrical",2
"obstetrics",2
"obvious",2
"occluded",2
"occurrence",2
"œuvre",2
"offers",2
"ofrece",2
"ofrecieron",2
"open",2
"optimization",2
"options",2
"or<u+202f>=<u+202f>0",2
"oral",2
"original",2
"others",2
"otras",2
"où",2
"out-competed",2
"outbreak",2
"outperformed",2
"owing",2
"p<u+2009>&lt;<u+2009> 0",2
"pair-wise",2
"paired",2
"paper",2
"par",2
"paralleled",2
"paris",2
"part",2
"parte",2
"participaron",2
"participating",2
"partie",2
"partner",2
"pasado",2
"patterns",2
"pdr",2
"peak",2
"pédiatriques",2
"peg-ifn",2
"pegylated",2
"per-protocol",2
"percutaneous",2
"périnatal",2
"perinatales",2
"periodicals",2
"periods",2
"persistence",2
"pharmacokinetic",2
"phase",2
"phc",2
"phenomenon",2
"phenotype",2
"planning",2
"platform",2
"población",2
"points",2
"policy",2
"poor",2
"portal",2
"possibly",2
"post-partum",2
"practiced",2
"pratiques",2
"pre-c/c",2
"pre-core/core",2
"pre-entry",2
"pre-pregnant",2
"precise",2
"predicted",2
"predictor",2
"predictors",2
"predominant",2
"preferred",2
"premature",2
"preparation",2
"pressures",2
"prevailing",2
"preventable",2
"prevented",2
"principal",2
"principle",2
"principles",2
"prioritize",2
"probabilistic",2
"probe",2
"profilaxis",2
"programs",2
"projected",2
"promoting",2
"prophylaxie",2
"prophylaxis/treatment",2
"proporcionan",2
"proposées",2
"proposer",2
"proposés",2
"protected",2
"proteinuria",2
"protocol",2
"provision",2
"public's",2
"published",2
"puerperal",2
"purified",2
"puso",2
"put",2
"putative",2
"puv",2
"pvst",2
"qrt-pcr",2
"qualified",2
"quantitative",2
"qui",2
"quoted",2
"r",2
"raising",2
"randomly",2
"rapid",2
"rbv",2
"reaching",2
"reactivities",2
"real-time",2
"real-world",2
"realized",2
"reasons",2
"reassembled",2
"recently",2
"receptor-blocking",2
"reconstructive",2
"record",2
"recorded",2
"recovery",2
"recruited",2
"recurrence",2
"redujo",2
"reference",2
"regimen",2
"regimens",2
"registration",2
"reinfection",2
"relapse",2
"released",2
"remote",2
"reoperation",2
"representative",2
"represents",2
"republic",2
"resistance",2
"resource",2
"rest",2
"restricted",2
"restrictive",2
"resulted",2
"resulting",2
"retention",2
"retested",2
"retrospectively",2
"rfa",2
"rio",2
"ris",2
"risk-benefit",2
"roc",2
"rose",2
"rr = 1",2
"rutinarios",2
"s'élevait",2
"sa",2
"saccharomyces",2
"sahel",2
"saliva",2
"salt",2
"salud",2
"santé",2
"schedule",2
"sector",2
"security",2
"seemed",2
"select",2
"self-limited",2
"semen",2
"ser",2
"seroconverted",2
"serology",2
"seronegative",2
"seroprotection",2
"seroprotective",2
"serostatus",2
"sets",2
"settings",2
"several",2
"severity",2
"shared;",2
"short-term",2
"signalés",2
"sigue",2
"simplex",2
"simultaneous",2
"simultaneously",2
"singleton",2
"site",2
"smaller",2
"so",2
"society",2
"sociodemography",2
"sodium",2
"software",2
"solution",2
"sometieron",2
"source",2
"south",2
"specimens",2
"spontaneous",2
"stable",2
"standard",2
"start",2
"steps",2
"stopping",2
"strengthened",2
"strengthening",2
"strip",2
"subepithelial",2
"subgroup",2
"subject",2
"suboxone",2
"subsequent",2
"substitutions",2
"summarize",2
"supplémentaires",2
"supports",2
"suppress",2
"sus",2
"susceptibility",2
"susceptible",2
"sustainable",2
"tablet",2
"tace",2
"taqi",2
"targeted",2
"tasa",2
"telles",2
"temps",2
"ten",2
"tendencies",2
"testées",2
"thereafter",2
"thousand",2
"thyroid",2
"tiempo",2
"tissue",2
"tolerable",2
"totally",2
"tottori",2
"toujours",2
"township",2
"townships",2
"trails",2
"traitement",2
"transaminases",2
"transfusion",2
"transfusions",2
"transient",2
"transmit",2
"tratamiento",2
"través",2
"treat",2
"treatable",2
"tree",2
"tres",2
"trois",2
"trophoblasts",2
"true",2
"tunisian",2
"twin",2
"twins",2
"two-arm",2
"uip",2
"una",2
"uncertain",2
"uncle",2
"unclear",2
"uncommon",2
"unselected",2
"unsettled",2
"untreated",2
"unusual",2
"uptake",2
"urban/rural",2
"us$3500",2
"us$68",2
"us$90",2
"utilization",2
"v",2
"vaccinations",2
"vaccines",2
"vbeta",2
"vertebral",2
"vertical/perinatal",2
"vertically",2
"veterans",2
"view",2
"vitamin",2
"vivantes",2
"vivos",2
"vp1/2a",2
"vt",2
"vues",2
"wanfang",2
"well-controlled",2
"widest",2
"wild-type",2
"willingness-to-pay",2
"wives",2
"wk",2
"yirgalem",2
"ymdd",2
"yuan/per",2
"z<u+2009>=<u+2009>4",2
"z<u+2009>=<u+2009>6",2
"'early'",1
"'recent'",1
"-",1
"-0",1
"-1",1
"-3",1
"-308g",1
"-4",1
"-7",1
"-9",1
"-a24",1
"-dna-positive",1
"-negative",1
"-pcr-vbeta-specific",1
"-restricted",1
"-seropositive",1
"-to-",1
" %",1
" = 0",1
" during",1
"$3940",1
"$9",1
"&amp;",1
"&gt;/=2",1
"&gt;/=80",1
"&gt;0",1
"&gt;3",1
"&gt;45",1
"&gt;55",1
"&gt;6",1
"&gt;8%",1
"&gt;90%",1
"&gt;95%",1
"&gt;or=10",1
"&gt;or=110",1
"&gt;or=500",1
"&lt;0",1
"&lt;1000",1
"&lt;2%",1
"&lt;20%",1
"&lt;200",1
"&lt;200;",1
"&lt;40",1
"&lt;50",1
"&lt;500",1
"&lt;80",1
"&lt;90",1
"&quot;2019",1
"&quot;compliance",1
"&quot;did",1
"&quot;elective",1
"&quot;fertility",1
"&quot;financial",1
"&quot;getting",1
"&quot;patient's",1
"&quot;rare&quot;",1
"&quot;seronegative&quot;",1
"*",1
"//clinicaltrials",1
"/ml;",1
"/mm",1
"[0-0",1
"[110",1
"[117",1
"[14%]",1
"[141",1
"[164",1
"[27%]",1
"[3",1
"[4",1
"[577",1
"[68",1
"[707",1
"[75%]",1
"[8%]",1
"[90 %",1
"[adjusted",1
"[aor]",1
"[aor]<u+2009>=<u+2009>2",1
"[corrected]",1
"[interquartile",1
"[odds",1
"[registered",1
"[risk",1
"[rr]",1
"[vl]",1
"~10",1
"+31%",1
"<u+03c7><u+200a>=<u+200a>-2",1
"<u+03c7><u+200a>=<u+200a>13",1
"<u+4e2d><u+56fd><u+809d><u+708e><u+9632><u+6cbb><u+57fa><u+91d1><u+4f1a><u+542f><u+52a8><u+4e86>&quot;<u+4e59><u+809d><u+6bcd><u+5a74><u+96f6><u+4f20><u+64ad><u+5de5><u+7a0b>&quot;<u+9879><u+76ee>",1
"<u+4e3a><u+4fc3><u+8fdb><u+6211><u+56fd><u+75c5><u+6bd2><u+6027><u+809d><u+708e><u+7684><u+9632><u+6cbb><u+5de5><u+4f5c><u+8d77><u+5230><u+4e86><u+79ef><u+6781><u+7684><u+63a8><u+52a8><u+4f5c><u+7528><u+3002>",1
"<u+4e3a><u+63d0><u+9ad8><u+9884><u+9632>hbv<u+6bcd><u+5a74><u+4f20><u+64ad><u+7684><u+6548><u+679c>",1
"<u+4e59><u+578b><u+809d><u+708e><u+75ab><u+82d7><u+3001><u+4e59><u+578b><u+809d><u+708e><u+514d><u+75ab><u+7403><u+86cb><u+767d><u+548c><u+6297><u+75c5><u+6bd2><u+836f><u+7269><u+7b49><u+4e0d><u+540c><u+5e72><u+9884><u+63aa><u+65bd><u+9884><u+9632>hbv<u+6bcd><u+5a74><u+4f20><u+64ad><u+7684><u+6548><u+679c><u+5b58><u+5728><u+5dee><u+5f02><u+3002><u+672c><u+6587><u+4ece><u+513f><u+7ae5><u+611f><u+67d3>hbv<u+7684><u+9014><u+5f84><u+4e0e><u+5371><u+5bb3><u+3001><u+5f71><u+54cd>hbv<u+6bcd><u+5a74><u+4f20><u+64ad><u+7684><u+56e0><u+7d20><u+4ee5><u+53ca>hbv<u+4f20><u+64ad><u+5e72><u+9884><u+63aa><u+65bd><u+7b49>3<u+4e2a><u+65b9><u+9762><u+8fdb><u+884c><u+7efc><u+8ff0>",1
"<u+4ee5><u+53ca>hbsag<u+9633><u+6027><u+6bcd><u+4eb2><u+6240><u+751f><u+65b0><u+751f><u+513f><u+4e3b><u+88ab><u+52a8><u+8054><u+5408><u+514d><u+75ab><u+4e2d><u+514d><u+75ab><u+7403><u+86cb><u+767d><u+6700><u+4f73><u+5242><u+91cf><u+3001><u+514d><u+75ab><u+540e><u+8840><u+6e05><u+5b66><u+68c0><u+6d4b><u+3001><u+662f><u+5426><u+53ef><u+4ee5><u+589e><u+52a0><u+75ab><u+82d7><u+5242><u+91cf><u+3001><u+662f><u+5426><u+9700><u+8981><u+52a0><u+5f3a><u+514d><u+75ab><u+7b49><u+65b9><u+9762>",1
"<u+4f7f><u+6162><u+6027><u+4e59><u+578b><u+809d><u+708e><u+65b0><u+53d1><u+75c5><u+4f8b><u+51cf><u+5c11>90%",1
"<u+513f><u+7ae5><u+4e2d>hbsag<u+6d41><u+884c><u+7387><u+4e3a>0",1
"<u+5171>123<u+5bb6><u+533b><u+9662><u+6210><u+4e3a><u+9879><u+76ee><u+6210><u+5458>;<u+5236><u+8ba2><u+4e86><u+6280><u+672f><u+6307><u+5bfc><u+6027><u+6587><u+4ef6>«<u+4e59><u+578b><u+809d><u+708e><u+6bcd><u+5a74><u+963b><u+65ad><u+4e34><u+5e8a><u+7ba1><u+7406><u+6d41><u+7a0b>»;<u+8bbe><u+8ba1><u+5f00><u+53d1><u+4e86><u+7528><u+4e8e><u+968f><u+8bbf><u+7ba1><u+7406><u+7684><u+79fb><u+52a8><u+533b><u+7597><u+5de5><u+5177>-shield",1
"<u+5230>2030<u+5e74><u+6d88><u+9664><u+75c5><u+6bd2><u+6027><u+809d><u+708e><u+7684><u+516c><u+5171><u+536b><u+751f><u+5a01><u+80c1>",1
"<u+5c24><u+5176><u+5728>hbv<u+9ad8><u+6d41><u+884c><u+7387><u+7684><u+4e0d><u+53d1><u+8fbe><u+5730><u+533a><u+5c24><u+5176><u+91cd><u+8981><u+3002><u+73b0><u+4ece><u+6211><u+56fd><u+80b2><u+9f84><u+671f><u+5973><u+6027><u+6162><u+6027>hbv<u+611f><u+67d3><u+72b6><u+51b5><u+53ca><u+5176><u+8840><u+6e05><u+5b66><u+548c><u+75c5><u+6bd2><u+5b66><u+7279><u+70b9>",1
"<u+5c31><u+8fdb><u+4e00><u+6b65><u+5b8c><u+5584><u+9884><u+9632><u+4e59><u+578b><u+809d><u+708e><u+75c5><u+6bd2><u+6bcd><u+5a74><u+4f20><u+64ad><u+514d><u+75ab><u+7b56><u+7565><u+8fdb><u+884c><u+63a2><u+8ba8><u+3002>",1
"<u+5f62><u+6210><u+4e86><u+826f><u+597d><u+7684><u+793e><u+4f1a><u+6c1b><u+56f4>",1
"<u+63a2><u+8ba8><u+4e0d><u+540c><u+56e0><u+7d20><u+548c><u+5e72><u+9884><u+63aa><u+65bd><u+5bf9>hbv<u+6bcd><u+5a74><u+4f20><u+64ad><u+7684><u+5f71><u+54cd>",1
"<u+63a2><u+8ba8><u+8fdb><u+4e00><u+6b65><u+964d><u+4f4e>hbv<u+6bcd><u+5a74><u+4f20><u+64ad><u+5e72><u+9884><u+63aa><u+65bd><u+7684><u+7814><u+7a76><u+65b9><u+5411><u+3002>",1
"<u+63d0><u+9ad8><u+4e86><u+516c><u+4f17><u+5bf9><u+4e59><u+578b><u+809d><u+708e><u+7684><u+77e5><u+6653><u+7387>",1
"<u+65e8><u+5728><u+501f><u+52a9><u+79fb><u+52a8><u+533b><u+7597><u+5de5><u+5177>",1
"<u+6bcd><u+5a74><u+4f20><u+64ad><u+662f><u+91cd><u+4e2d><u+4e4b><u+91cd>",1
"<u+76f8><u+5173><u+6b7b><u+4ea1><u+75c5><u+4f8b><u+51cf><u+5c11>65%<u+3002><u+4e3a><u+8fbe><u+6210><u+8be5><u+76ee><u+6807>",1
"<u+8bf8><u+5982><u+6bcd><u+4eb2><u+53ca><u+5176><u+5b69><u+5b50><u+514d><u+8d39><u+6cbb><u+7597><u+3001><u+9884><u+9632><u+548c><u+68c0><u+6d4b><u+3002></abstracttext>",1
"<u+8bf8><u+5982><u+6bcd><u+4eb2><u+53ca><u+5176><u+5b69><u+5b50><u+514d><u+8d39><u+6cbb><u+7597><u+3001><u+9884><u+9632><u+548c><u+68c0><u+6d4b><u+3002>background",1
"<u+8fdb><u+4e00><u+6b65><u+964d><u+4f4e><u+6bcd><u+5a74><u+4f20><u+64ad><u+7684><u+53d1><u+751f><u+7387><u+3002>3<u+5e74><u+6765>",1
"<u+901a><u+8fc7><u+5bf9><u+6162><u+6027><u+4e59><u+578b><u+809d><u+708e><u+75c5><u+6bd2><u+611f><u+67d3><u+5b55><u+5987><u+53ca><u+5176><u+5a74><u+513f><u+7684><u+89c4><u+8303><u+5316><u+968f><u+8bbf><u+7ba1><u+7406>",1
"<u+963b><u+65ad><u+4e59><u+578b><u+809d><u+708e><u+75c5><u+6bd2>",1
"<u+9879><u+76ee><u+5efa><u+7acb><u+4e86><u+8986><u+76d6><u+5168><u+56fd><u+7684><u+4e59><u+578b><u+809d><u+708e><u+6bcd><u+5a74><u+963b><u+65ad><u+534f><u+4f5c><u+7f51>",1
"<u+ffe5>59",1
"=1%",1
"=2<u+200a>×<u+200a>10<u+200a>iu/ml",1
"=2000",1
"=2000 g",1
"=6",1
"×",1
"0-86",1
"0%-7",1
"0/0",1
"0/14",1
"0<u+200a>±<u+200a>0",1
"00]",1
"000001",1
"0003",1
"0006",1
"002;",1
"004-0",1
"007;",1
"01-0",1
"01]",1
"012",1
"014",1
"019",1
"02-4",1
"02%",1
"023]",1
"025",1
"031",1
"032",1
"04-0",1
"04%",1
"040",1
"041",1
"048",1
"049",1
"05-0",1
"05%",1
"050]",1
"06-1",1
"06-34",1
"06;",1
"063",1
"064",1
"071",1
"083",1
"087",1
"09-0",1
"097",1
"1-",1
"1-10",1
"1-15",1
"1-3",1
"1-423",1
"1-year",1
"10-week-old",1
"10-year-old",1
"10/19",1
"106/120",1
"10mg",1
"12;",1
"12<u+2009>h",1
"120/792",1
"13-5",1
"13-year-old",1
"136/1",1
"14-year-old",1
"15-24",1
"15/558",1
"16-0",1
"16-1",1
"168 h",1
"17/20",1
"18-0",1
"18/24",1
"183/558",1
"19-1",1
"1975-2011",1
"1989-1994",1
"1995-2004",1
"1997-98",1
"1mg",1
"2-",1
"2-0",1
"2-164",1
"2-2211",1
"2-3",1
"2-4",1
"2-93",1
"2-to-3-year-old",1
"2/48",1
"2;",1
"2]",1
"2<u+200a>×<u+200a>10",1
"20-0",1
"20%",1
"20%-30%",1
"20]",1
"2005-2017",1
"2015<u+5e74>7<u+6708>",1
"2016-2020",1
"2016-2021",1
"2016<u+5e74><u+4e16><u+754c><u+536b><u+751f><u+5927><u+4f1a><u+901a><u+8fc7><u+4e86><u+5168><u+7403><u+536b><u+751f><u+90e8><u+95e8><u+75c5><u+6bd2><u+6027><u+809d><u+708e><u+6218><u+7565>",1
"2018-2030",1
"21-month",1
"23-0",1
"23-3",1
"23%",1
"24-38",1
"24<u+2009>h",1
"25-0",1
"25/44",1
"27-0",1
"27/56",1
"28-0",1
"28/30",1
"28b",1
"29]",1
"290-768",1
"3-0",1
"3-10%",1
"3-100%",1
"3-5",1
"3-77",1
"3-97",1
"3-infected",1
"3%]",1
"3/11",1
"30/379",1
"30/38",1
"308g/a",1
"311/2408",1
"31st",1
"32-0",1
"33;",1
"35%",1
"35<u+2009>×<u+2009>106",1
"36;",1
"37-1",1
"374/418",1
"38/379",1
"38]",1
"38<u+2009>×<u+2009>106",1
"39%",1
"39/1186",1
"4-4",1
"4-47",1
"4-5",1
"4-6",1
"4-year",1
"4 %",1
"4/10",1
"4/196",1
"4/200",1
"4]",1
"40]",1
"41%",1
"41;",1
"42-0",1
"44%",1
"44/418",1
"44;",1
"441/14314",1
"45-0",1
"4533/67",1
"46-4",1
"46;",1
"47%",1
"47;",1
"48/379",1
"4d",1
"5'",1
"5-6",1
"5-mg",1
"5-year-old",1
"5/100",1
"5/15",1
"5~10%",1
"5×106veq/ml",1
"5×10e5",1
"50<u+2009>copies/ml",1
"51-6741",1
"51;",1
"51]",1
"52-0",1
"52;",1
"52];",1
"54-year-old",1
"54%",1
"57;",1
"58;",1
"586/672",1
"5x106",1
"6-1",1
"6-2777",1
"6-36",1
"6-7",1
"6-7 months",1
"6 %",1
"6/261",1
"6/69",1
"6×104-1",1
"6×10e6",1
"61]",1
"610<u+2009>u/l",1
"63%",1
"65%",1
"66%",1
"67;",1
"7-22<u+2009>months",1
"7-46",1
"7-year",1
"7/14",1
"7/285",1
"7/68",1
"70-112",1
"70%",1
"71]",1
"72%",1
"73-1",1
"73%",1
"75-8",1
"75%",1
"76;",1
"78;",1
"79;",1
"8-12",1
"8-242",1
"8-580",1
"8-99",1
"8%-30%",1
"8%;",1
"80-26",1
"80%-90%",1
"82%",1
"84]",1
"85-100",1
"86-1",1
"86-2",1
"87%",1
"87]",1
"89-1",1
"89-7",1
"89%",1
"9-15",1
"9-250",1
"9-513",1
"9-611",1
"9-year-old",1
"9]",1
"9<u+200a>±<u+200a>1",1
"90<u+2009>µg/week",1
"900/1050",1
"91/1479",1
"92%",1
"92;",1
"9228",1
"93]",1
"94-3",1
"94%",1
"95-1",1
"95%ci",1
"96-99",1
"97-3",1
"98;",1
"a-fetoprotein",1
"a/c",1
"a1",1
"ab-negative",1
"abbott",1
"abdominal",1
"ablation",1
"abortions",1
"above-mentioned",1
"abroad",1
"abstracts",1
"academic",1
"acceptable",1
"accessible",1
"accordance",1
"accounting",1
"accounts",1
"accuracy",1
"accurate",1
"accurately",1
"achievements",1
"achieving",1
"acquire",1
"acquisition",1
"action",1
"activities",1
"actual",1
"adaptation",1
"adaptor",1
"add",1
"added",1
"addicts",1
"adding",1
"addison's",1
"addressing",1
"adjusting",1
"adjuvant",1
"administrations",1
"admitted",1
"adopted",1
"adrenocorticotropic",1
"advantage",1
"advent",1
"affected",1
"affecting",1
"affects",1
"affordable",1
"ag-",1
"age;",1
"agree",1
"aiming",1
"alb",1
"albumin-bilirubin",1
"aligned",1
"alkaline",1
"alleles",1
"alliance",1
"allows",1
"alp",1
"alpha-fetoprotein",1
"alternative",1
"alternatives",1
"amino-terminus",1
"aml",1
"amount",1
"amounted",1
"amplification",1
"anaemia",1
"analogue",1
"analysed;",1
"analytic-markov",1
"analyzing",1
"animals",1
"answered",1
"ante-natal",1
"antennal",1
"anti-e2",1
"anti-hav-negative",1
"anti-hbeag",1
"anti-hbsag",1
"anti-hcv-negative",1
"anti-hvc",1
"anti-thyroglobulin",1
"anti-thyroid",1
"antibodies;",1
"antigen-coding",1
"antigenaemia",1
"antigenemia",1
"antigenic",1
"antilymphocyte",1
"antiviral prophylaxis",1
"aor<u+2009>=<u+2009>79",1
"apgar",1
"aplastic",1
"apolipoprotein",1
"app",1
"app;<u+7ec4><u+7ec7><u+4e86><u+4ee5><u+6d88><u+9664><u+75c5><u+6bd2><u+6027><u+809d><u+708e><u+4e3a><u+4e3b><u+9898><u+7684><u+56fd><u+9645><u+4f1a><u+8bae><u+3002><u+901a><u+8fc7><u+4e0a><u+8ff0><u+4e3e><u+63aa>",1
"appear",1
"appeared",1
"approached",1
"approved",1
"april",1
"arginine",1
"arising",1
"arteriography",1
"asian",1
"asphyxia",1
"aspirate",1
"assembly",1
"assist",1
"assumptions",1
"at-birth",1
"atmosphere",1
"attack",1
"attacks",1
"attempt",1
"attended",1
"attenuates",1
"attributable",1
"attributed",1
"audit",1
"autochthonous",1
"availability",1
"avoidance",1
"b-positive",1
"backed",1
"bamako",1
"bands",1
"bangkok",1
"base",1
"basic",1
"be-antigen",1
"becoming",1
"begins",1
"begun",1
"behavioral",1
"believed",1
"belonged",1
"benefit-cost",1
"besides",1
"best",1
"bfm-aml2004",1
"bibliographic",1
"bihar",1
"bile",1
"bioinformatics",1
"biomarkers",1
"birth-dose",1
"black",1
"body",1
"bootstrap",1
"borderline",1
"borne",1
"bottleneck",1
"bowel",1
"boys",1
"boys;",1
"breast-",1
"breastfeed",1
"british",1
"built",1
"c-dna",1
"c1653t",1
"caesarean-section",1
"calculating",1
"came",1
"camille",1
"campaigns",1
"canada",1
"canal",1
"candidate",1
"carcinoma;",1
"careful",1
"caribbean",1
"carrier-mothers",1
"carry",1
"carrying",1
"causative",1
"cdr3",1
"cells/mm",1
"cellular",1
"centre",1
"cerebrospinal",1
"certainty/uncertainty",1
"certified",1
"cfhpc",1
"challenges",1
"chances",1
"change",1
"characterised",1
"characteristically",1
"charge",1
"chemiluminesence",1
"chemo-embolization",1
"child's",1
"child-a",1
"child-bearing",1
"child/children",1
"childbearing",1
"children's",1
"chimeric",1
"chronicity",1
"circumstances",1
"cirrhosis;",1
"cited",1
"cities",1
"class-1",1
"classes",1
"classification",1
"clonality",1
"clone",1
"closer",1
"clusters",1
"co-circulation",1
"co-factor",1
"cochran-armitage",1
"coding",1
"coefficient",1
"collaborative",1
"collapse",1
"collect",1
"combining",1
"commencing",1
"comments",1
"commercial",1
"commoner",1
"complement",1
"completely",1
"compliance",1
"component",1
"composed",1
"comprises",1
"computed",1
"concerned",1
"concomitant",1
"concurrently",1
"confer",1
"conference",1
"confirming",1
"conformed",1
"congenital",1
"consented",1
"consequently",1
"considerable",1
"considerably",1
"consideration",1
"considering",1
"consistent",1
"consists",1
"constitute",1
"construction",1
"consultation",1
"consumption",1
"contacted",1
"contention",1
"contents",1
"context",1
"continuously",1
"contract",1
"contraindication",1
"contribute",1
"controlling",1
"conventional",1
"conversion",1
"copies/ml]",1
"cortisol",1
"cost-benefit",1
"cost/efficacy",1
"counseling",1
"couple",1
"covariance",1
"covered",1
"covering",1
"cox",1
"crawling",1
"crucial",1
"cumulative",1
"cutting",1
"cytology",1
"cytotoxic",1
"dataset",1
"days'",1
"dbeta1",1
"deaths",1
"decade",1
"declining",1
"decompensated",1
"decreases",1
"decreasing",1
"degrees",1
"delhi",1
"delivering",1
"delivery/birth",1
"demand",1
"democratic",1
"demonstrates",1
"demyelinating",1
"density",1
"deny",1
"deoxyribonucleic",1
"dependence",1
"deployment",1
"deposits",1
"dermatosis",1
"describes",1
"designated",1
"desirable",1
"desire",1
"details",1
"deteriorated",1
"determination",1
"determining",1
"developed;",1
"develops",1
"dfs",1
"diagnostic",1
"diarrhea",1
"diminishes",1
"direction",1
"disappearance",1
"discourage",1
"discouraged",1
"discovered",1
"discrepancy",1
"discriminate",1
"disease-free",1
"disorder",1
"disorders",1
"disposable",1
"disseminated",1
"distance",1
"distinctly",1
"distributed",1
"districts",1
"dn",1
"dose-dependent",1
"dose-response",1
"draw",1
"drawn",1
"ds",1
"dual",1
"duct",1
"durations",1
"dutch",1
"dynamic",1
"dysfunctional",1
"e-antibody",1
"e/anti-e",1
"eastern",1
"educational",1
"egger's",1
"eia",1
"eighty-four",1
"eighty-nine",1
"elderly",1
"eldest",1
"eleven",1
"eliminates",1
"elucidated",1
"elucidation",1
"embedding",1
"emergency",1
"emesis",1
"enabled",1
"encephalomyelitis",1
"encoding",1
"encompassing",1
"encountered",1
"enhanced",1
"enhancement",1
"enriched",1
"enrollment",1
"ensure",1
"entered",1
"enterically",1
"entity",1
"epi-info",1
"epidemiological",1
"episode",1
"epitope",1
"eq/ml",1
"equally",1
"eradicate",1
"eruption",1
"essential",1
"establishing",1
"estimation",1
"ethiopian",1
"etv",1
"europe",1
"event",1
"every",1
"evicted",1
"ex-drug",1
"excellence",1
"exchange",1
"excision",1
"excluding",1
"exclusion",1
"executing",1
"exhibited",1
"exist",1
"existing",1
"expected",1
"experiment",1
"expertise",1
"experts",1
"expressed",1
"extended-dose",1
"extinct",1
"extraction",1
"extrahepatic",1
"extremities",1
"facilitated",1
"fact",1
"factor-alpha",1
"fail",1
"falls",1
"far",1
"fast",1
"fatality",1
"favorable",1
"favorite",1
"feasibility",1
"fecal-oral",1
"fell",1
"females",1
"feminization",1
"fewer",1
"fibroscan",1
"fifty",1
"fifty-seven",1
"fine",1
"fine-needle",1
"first-choice",1
"five-month-old",1
"fludrocortisone",1
"fluid",1
"focal",1
"focus",1
"focused",1
"focuses",1
"form",1
"formed",1
"formula-fed;",1
"formula-feeding",1
"formulate",1
"formulated",1
"forty",1
"forward",1
"fraction",1
"fragment",1
"fulfilled",1
"fulminant hepatic",1
"funnel",1
"fusion",1
"g/l",1
"g1899a",1
"gain",1
"gaining",1
"gains",1
"gammagt",1
"gbv-c/hepatitis",1
"generated",1
"generation",1
"generations",1
"genes",1
"genetics",1
"genomic",1
"germany",1
"getting",1
"girl",1
"girls",1
"giving",1
"glomeruli",1
"glomerulonephropathy",1
"glutamate",1
"glycine",1
"goals",1
"gounguin",1
"graded",1
"grand",1
"gray",1
"great<u+2009>improvement",1
"group's",1
"grouped",1
"groups;",1
"guangdong",1
"guidance",1
"guideline's",1
"guiding",1
"gums",1
"gynaecology",1
"hai",1
"haplotype",1
"hav-rna-positive",1
"hbcab",1
"hbcab-positive",1
"hbeab",1
"hbsag-/anti-hbc+",1
"hbsag-associated",1
"hbsag-carrier",1
"hbsag-positive;",1
"hbsag-serostatus",1
"hbsag-ve",1
"hbv-associated",1
"hbv-dna-negative",1
"hbv-infection",1
"hbv-negative",1
"hbv-uninfected",1
"hbv+",1
"hbv<u+6bcd><u+5a74><u+4f20><u+64ad><u+5df2><u+6210><u+4e3a><u+5f15><u+8d77><u+793e><u+4f1a><u+5173><u+6ce8><u+7684><u+91cd><u+5927><u+516c><u+5171><u+536b><u+751f><u+95ee><u+9898><u+4e4b><u+4e00><u+3002><u+76ee><u+524d>",1
"hbvdna",1
"hcc-b",1
"hcv-arn",1
"hcv-associated",1
"hcv-mtct",1
"hcv-only",1
"hcv-uninfected",1
"hcv-viremic",1
"hcv/hiv-coinfected",1
"hcv/human",1
"height",1
"hematological",1
"hematopoietic",1
"hence",1
"hepatitis-b",1
"hepatitis;",1
"hepatocyte",1
"hepatology",1
"hepatropic",1
"hepb1",1
"hg",1
"high-quality",1
"histocompatibility",1
"histologic",1
"histories",1
"hiv-negative",1
"hiv/hbv-coinfected",1
"hiv/hcv",1
"hiv/hcv-coinfected;",1
"hiv+;",1
"hla-a24-hbv-specific",1
"home",1
"hopefully",1
"horizontally",1
"hormone",1
"hospital-based",1
"hospitalised",1
"host-specific",1
"how",1
"https",1
"hvl;",1
"hvr",1
"hvr-2",1
"hydrocortisone",1
"hyperbilirubinemia",1
"hypertension",1
"hypoglycemia",1
"hypotension",1
"i-vii",1
"ide",1
"ifn",1
"ifngamma",1
"illustrates",1
"immnoprophylaxis",1
"immunisation",1
"immunized",1
"immuno-prophylaxis",1
"immunochromatographic",1
"immunogenic",1
"immunology",1
"immunosuppressed",1
"impaired",1
"implement",1
"implementing",1
"implicated",1
"importantly",1
"improper",1
"improvement",1
"in-hospital",1
"inadequate",1
"inapparent",1
"inception",1
"include",1
"inclusive",1
"income",1
"incomplete",1
"incontinence",1
"increased-dose",1
"indeed",1
"indirect",1
"individual",1
"induce",1
"induction",1
"infancy",1
"infant's",1
"infect",1
"infection's",1
"infection-only",1
"infectiosity",1
"infectiousness",1
"infestation",1
"infestations",1
"infinity",1
"influence",1
"inhibitor",1
"injecting",1
"innovative",1
"instituted",1
"institution",1
"institutions",1
"insufficiency",1
"insufficient",1
"insulin",1
"intensified",1
"interaction",1
"interferon-a2b",1
"interferon-alpha-2b",1
"interleukin",1
"intermittent",1
"interpretation",1
"interpreted",1
"interprets",1
"interviews",1
"intrafamilially",1
"intrahepatic",1
"intramuscularly",1
"intravenously",1
"intriguing",1
"investigation",1
"investigators",1
"invited",1
"involvement",1
"isi",1
"it's",1
"iu/l",1
"jadad",1
"jbeta2",1
"jharkhand",1
"jiangsu",1
"joint-changes",1
"jointly",1
"kinds",1
"korea",1
"laboratories",1
"laboratory-confirmed",1
"lacked",1
"lacking",1
"lady",1
"laminin",1
"lamivudine-containing",1
"languages",1
"large-scale",1
"larger",1
"last",1
"lasted",1
"late-treatment",1
"lately",1
"latest",1
"latin",1
"lay",1
"lc-al",1
"lc-b",1
"learnt",1
"lectin",1
"length",1
"lesion",1
"lessons",1
"lies",1
"lifelong",1
"lilac",1
"limbs",1
"link",1
"linked",1
"links",1
"list",1
"liver-deaths",1
"living",1
"living-related",1
"ln",1
"locked",1
"locus",1
"low-dose",1
"low/middle",1
"lymphoblastic",1
"lymphocyte",1
"lymphocytes",1
"m12",1
"m18",1
"m552i",1
"machine",1
"magnetic",1
"mainland",1
"maintained",1
"maintenance",1
"malay",1
"males",1
"mali",1
"malignancy",1
"manager",1
"mandatory",1
"mannose-binding",1
"mantel-haenszel",1
"marijuana",1
"markedly",1
"marrow",1
"mastered",1
"material",1
"materials",1
"maternal-infant",1
"maternal-to-child",1
"maternities",1
"matrix",1
"mbl2",1
"md = -4",1
"meager",1
"measurement",1
"medicine",1
"meet",1
"meetings",1
"mentioned",1
"mesangial",1
"metabolites",1
"metalloproteinase-3",1
"metastatic",1
"methodological",1
"methylprednisolone",1
"mg",1
"mg/day",1
"mg/kg",1
"microparticle",1
"middle-aged",1
"midwifery",1
"mildly",1
"mimicry",1
"min",1
"mineral",1
"minimum",1
"minutes",1
"mixture",1
"mm",1
"mmp-3",1
"mo",1
"modalities",1
"modest",1
"modestly",1
"modification",1
"modify",1
"mongolia",1
"mongolian",1
"monitored",1
"monoinfected",1
"monophyletic",1
"month-80",1
"months;",1
"mortalities",1
"mother-",1
"mother-and-child",1
"mother-newborn",1
"mother/baby",1
"mothers;",1
"motifs",1
"moved",1
"moving",1
"multi-centers",1
"multi-way",1
"multifactorial",1
"multiphasic",1
"multiplexed",1
"murex",1
"myelin",1
"myeloid",1
"myelosuppression",1
"n-terminal",1
"n = 13",1
"n = 16",1
"n = 26",1
"n = 29",1
"n=22",1
"n=36",1
"na",1
"naive",1
"named",1
"namely",1
"nct01846455]",1
"nct01962155;",1
"nearly",1
"necessarily",1
"necessity",1
"needle",1
"neighbour-joining",1
"neonatology",1
"neoplastic",1
"nephropathy",1
"nephrotic",1
"nephrotoxicity",1
"net",1
"neutralization",1
"nevertheless",1
"nevirapine",1
"new-borns",1
"nigerian",1
"nisdi",1
"nodosa",1
"non-a-non-b",1
"non-australian-born",1
"non-breastfed",1
"non-cirrhotic",1
"non-coding",1
"non-compartmental",1
"non-endemic",1
"non-i",1
"non-protective",1
"non-randomized",1
"non-schistosomal",1
"non-structure",1
"non-synonymous",1
"non-viremic",1
"noninfectious",1
"nonpalindromic",1
"nontreated",1
"normalization",1
"normalized",1
"northern",1
"notably",1
"note",1
"novel",1
"november",1
"now",1
"npa",1
"npv",1
"nucleic",1
"nucleo",1
"nucleoside/nucleotide",1
"nucleot",1
"nulliparity",1
"observations",1
"observers",1
"occult",1
"occurring",1
"of virus",1
"off",1
"offspring",1
"oncogenic",1
"oncological",1
"one-fourth",1
"one-way",1
"ones",1
"onward",1
"operation",1
"opinion",1
"opioid",1
"opportunities",1
"opportunity",1
"optimize",1
"option",1
"or=0",1
"or=6",1
"orally",1
"orf-1",1
"organized",1
"ortho",1
"os",1
"ouagadougou",1
"outbreaks",1
"outside",1
"own",1
"p&lt;",1
"pakistan",1
"panel",1
"papers",1
"papular",1
"paramount",1
"paraplegia",1
"parasitic",1
"parentally",1
"parenteral",1
"parisian",1
"parity",1
"parma",1
"partial",1
"partially",1
"participated",1
"partners'",1
"parturition",1
"passed",1
"patents",1
"pathogenesis",1
"pathogenic",1
"pathologic",1
"pathologically",1
"pathway",1
"pathways",1
"patients'",1
"paucity",1
"pay",1
"pcr-negative",1
"pentamer",1
"pentamers",1
"pentavalent",1
"people's",1
"peptide",1
"percent",1
"periodical",1
"peritonitis",1
"permits",1
"peroxidase",1
"pg/ml",1
"pharmacokinetics",1
"philippines",1
"phosphatase",1
"phylip",1
"phylogenestic",1
"piiinp",1
"pipeline",1
"pivotal",1
"place",1
"plan",1
"platelets",1
"platforms",1
"play",1
"played",1
"plays",1
"plots",1
"pn",1
"pn/ps",1
"point-of-care",1
"poland",1
"polyarteritis",1
"polymerase-specific",1
"polymorphism",1
"pool",1
"positive;",1
"positively",1
"post-immunization",1
"post-transplantation",1
"posterior",1
"postvaccination",1
"potassium",1
"potentially",1
"poverty-affected",1
"ppm",1
"pre-existence",1
"pre-marital",1
"pre-s2",1
"pre-telbivudine",1
"prec/c",1
"precocity",1
"predelivery",1
"predict",1
"prediction",1
"predicts",1
"prednisone",1
"predominance",1
"predominating",1
"preeminent",1
"prefecture",1
"prefer",1
"preference",1
"pregnancy;",1
"prélalences",1
"preliminary",1
"prematurely",1
"prematurity",1
"preparing",1
"prescribed",1
"pretreatment",1
"preventative",1
"preventions",1
"primers",1
"prioritised",1
"priority",1
"probable",1
"probably responsible",1
"probe-based",1
"procollagen",1
"produced",1
"product",1
"production",1
"progressive",1
"progressively",1
"proliferation",1
"proline",1
"promote",1
"promoter",1
"propeptide",1
"proper",1
"properties",1
"prophylactic",1
"proportional",1
"proportions",1
"propose",1
"protein-reactive",1
"prothrombin",1
"prove",1
"provides",1
"ps",1
"publication",1
"puerperium",1
"purposes",1
"puv-related",1
"quantifiable",1
"quantified",1
"quantify",1
"quite",1
"radiofrequency",1
"radiologic",1
"ranging",1
"rank",1
"ranking",1
"rather",1
"rationalize",1
"re-evaluate",1
"reactions",1
"reactive",1
"readers",1
"reappeared",1
"reason",1
"rebounded",1
"recipients",1
"recognition",1
"recommends",1
"reconsider",1
"reconsidered",1
"recovered",1
"recurred",1
"recurrences",1
"recurrent",1
"reduction",1
"references",1
"reflects",1
"refute",1
"regard",1
"registers",1
"regulatory",1
"reinforces",1
"reintegration",1
"relating",1
"remarkable",1
"remove",1
"repeatedly",1
"requirement",1
"resection",1
"reservoir",1
"resonance",1
"resource-limited",1
"respective",1
"respectively;",1
"respondents",1
"responsible",1
"returned",1
"reveal",1
"revealing",1
"revman5",1
"ribavirin",1
"right",1
"rise",1
"rlss",1
"rna-detectable",1
"rna-negative",1
"rna-positive]",1
"rna;",1
"rnas",1
"rr = 2",1
"rr<u+2009>=<u+2009>2",1
"rrs",1
"rs8099917",1
"rt-nested",1
"runx1-runx1t1",1
"ruptured",1
"said",1
"saint",1
"sampling",1
"save",1
"scarce",1
"schedules",1
"schistosomal",1
"schistosomiasis",1
"sciences",1
"sclerosis",1
"scope",1
"scoring",1
"screen",1
"scrutinized",1
"searching",1
"second-generation",1
"section&quot;",1
"seems",1
"segment",1
"segmental",1
"selective",1
"self-limiting",1
"semirural",1
"sensitive",1
"sent",1
"separately",1
"september",1
"sequentially",1
"sero-concordance",1
"serodiscordance",1
"seroimmunological",1
"seropositivity",1
"serosurvey",1
"service",1
"setting;",1
"seventy-five",1
"seventy-four",1
"severely",1
"shannon",1
"she",1
"shengjing",1
"shenyang",1
"shield",1
"shortage",1
"shortly",1
"showing",1
"shows",1
"sib",1
"sign",1
"significance;",1
"significative",1
"simulate",1
"simulating",1
"singapore",1
"sinse",1
"situations",1
"six-week",1
"sixty-eight",1
"skin",1
"slightly",1
"slower",1
"social",1
"socio-economic",1
"sociodemographic",1
"son",1
"soon",1
"south-central",1
"spearman",1
"special",1
"specialist",1
"specialists",1
"specificity",1
"spectrum",1
"spite",1
"sporadic",1
"spot",1
"sr",1
"standards",1
"state",1
"stay",1
"step",1
"stillbirth",1
"stimulating",1
"stratification",1
"stratified",1
"strict",1
"stringent",1
"sub-genotype",1
"subcutaneously",1
"subdivided",1
"subendothelial",1
"subgroups",1
"sublingual",1
"suboptimal",1
"subset",1
"substudy",1
"suburban",1
"sucra<u+2009>=<u+2009>96",1
"sudden",1
"sueface",1
"suffered",1
"sufficient",1
"sufficiently",1
"suitable",1
"supporting",1
"suppression",1
"surface-antigen",1
"surface-positive",1
"surprisingly",1
"survive",1
"swedish",1
"swelling",1
"swen",1
"symmetrical",1
"symptomatic",1
"synonymous",1
"synthesize",1
"syringes",1
"systemic",1
"systems",1
"t<u+200a>=<u+200a>1",1
"t1753v",1
"tailored",1
"taking",1
"tattoo",1
"team",1
"technique",1
"techniques",1
"temporal",1
"tended",1
"tentatively",1
"terminated",1
"tested for",1
"theme",1
"therapies",1
"therapy;",1
"thereby",1
"third-generation",1
"thirty",1
"thirty-five",1
"threatened",1
"three-dose",1
"three-fold",1
"three/21",1
"threshold",1
"to-",1
"tobacco",1
"tolerability",1
"tolerance",1
"tolerated",1
"tomography",1
"took",1
"tool",1
"tools",1
"topics",1
"toward",1
"towards",1
"traced",1
"track",1
"tract",1
"train",1
"training",1
"trans-catheter",1
"trans-placental",1
"transcriptase",1
"transcription-polymerase",1
"transfused",1
"translation",1
"transmission&quot;",1
"transplacental",1
"treatment-naive",1
"tree-markov",1
"trend",1
"tried",1
"tropical",1
"truncates",1
"tt",1
"ttv-negative",1
"tumour",1
"turkish",1
"twenty",1
"twenty-five",1
"twenty-four",1
"twenty-seven",1
"twofold",1
"typical",1
"typically",1
"uk",1
"ultra-deep",1
"ultrasonography",1
"umbilical",1
"unadjusted",1
"unclarified",1
"unclassified",1
"uncontrolled",1
"und",1
"underdeveloped",1
"undergo",1
"undergoing",1
"underlined",1
"understanding",1
"understood",1
"undetermined",1
"unemployment",1
"unequivocal",1
"uneventful",1
"unfortunately",1
"unit",1
"united",1
"unlike",1
"unrecognised",1
"unrelated",1
"unreported",1
"unvaccinated",1
"urban",1
"urethral",1
"urgent",1
"urinary",1
"useful",1
"usefulness",1
"uterus",1
"vaccinating",1
"validated",1
"valve",1
"variable",1
"variations",1
"vbeta17",1
"vbeta8",1
"veq/ml",1
"verify",1
"vertebrae",1
"viability",1
"viable",1
"victoria",1
"vientiane",1
"viewpoint",1
"viraemia",1
"viral-host",1
"viremia;",1
"virtually",1
"virus-associated",1
"virus-coinfected",1
"virus-polymerase",1
"virus-specific",1
"virus/hepatitis",1
"visit",1
"visited",1
"visiting",1
"vitiligo",1
"vl",1
"volume",1
"vp1-2a",1
"vulnerable",1
"water",1
"ways",1
"weakness",1
"weights",1
"well-defined",1
"well-planned",1
"went",1
"wide",1
"with/without",1
"withdrawal",1
"woman",1
"women;",1
"workers'",1
"worsening",1
"written",1
"year-old",1
"years;",1
"young",1
"younger",1
"yuan",1
