"txt3","Freq"
"hbv",604
"hepatitis",562
"transmission",373
"positive",300
"virus",299
"hcv",298
"mother",289
"child",288
"women",267
"mothers",249
"children",247
"infection",238
"hbsag",236
"mtct",182
"p",182
"risk",178
"infants",162
"infected",158
"pregnant",157
"patients",137
"study",132
"born",125
"hiv",119
"viral",119
"c",118
"months",117
"treatment",113
"maternal",112
"group",110
"anti",107
"lt",105
"abstracttext",104
"antigen",104
"birth",104
"dna",101
"ci",96
"results",90
"202f",86
"hbeag",86
"ml",86
"rna",86
"analysis",81
"delivery",78
"antiviral",74
"surface",73
"hbig",70
"age",69
"levels",69
"factors",67
"load",66
"liver",65
"prevention",65
"during",64
"chronic",63
"la",62
"serum",62
"immunoprophylaxis",60
"infant",60
"iu",60
"pregnancy",60
"negative",57
"china",56
"more",56
"significantly",56
"200a",55
"associated",55
"been",55
"groups",55
"methods",55
"showed",55
"compared",53
"vaccination",53
"up",52
"g",51
"prevalence",51
"vaccine",51
"vs",51
"but",50
"strategy",50
"genotype",49
"using",49
"perinatal",48
"control",45
"immunization",45
"blood",44
"cirrhosis",44
"tested",44
"there",44
"which",44
"clinical",43
"studies",43
"therapy",43
"vertical",43
"efficacy",42
"hbs",42
"higher",42
"respectively",42
"immunoglobulin",41
"rates",41
"within",41
"based",39
"case",39
"newborns",39
"our",39
"samples",39
"e",38
"en",38
"hcc",38
"low",38
"lower",38
"quot",38
"can",37
"pcr",37
"both",36
"disease",36
"increased",36
"le",36
"significant",36
"tenofovir",36
"administration",35
"conclusions",35
"health",35
"non",35
"reduce",35
"used",35
"01",33
"also",33
"cost",33
"level",33
"safety",33
"gt",32
"it",32
"lamivudine",32
"s",32
"y",32
"000",31
"hav",31
"related",31
"should",31
"telbivudine",31
"third",31
"transmitted",31
"active",30
"enrolled",30
"meld",30
"prophylaxis",30
"screening",30
"section",30
"developed",29
"diagnosis",29
"incidence",29
"trials",29
"alt",28
"antibodies",28
"background",28
"et",28
"immune",28
"its",28
"pmtct",28
"present",28
"ratio",28
"rcts",28
"rr",28
"total",28
"breast",27
"cohort",27
"confirmed",27
"determine",27
"effect",27
"hb",27
"region",27
"time",27
"type",27
"when",27
"05",26
"babies",26
"cases",26
"did",26
"early",26
"failure",26
"followed",26
"hev",26
"including",26
"n",26
"presence",26
"randomized",26
"trimester",26
"antibody",25
"controlled",25
"dose",25
"effects",25
"model",25
"patient",25
"score",25
"status",25
"7684",24
"carrier",24
"difference",24
"five",24
"follow",24
"four",24
"hep",24
"horizontal",24
"ksc",24
"old",24
"receptor",24
"second",24
"vih",24
"became",23
"detected",23
"effective",23
"evaluated",23
"hdv",23
"important",23
"mortality",23
"outcomes",23
"syphilis",23
"through",23
"addition",22
"aim",22
"asialoglycoprotein",22
"carcinoma",22
"coinfection",22
"el",22
"hepatic",22
"hepatocellular",22
"intervention",22
"objective",22
"per",22
"pour",22
"preventing",22
"received",22
"assess",21
"cell",21
"characteristics",21
"confidence",21
"copies",21
"evaluate",21
"factor",21
"hepb",21
"human",21
"if",21
"into",21
"l",21
"major",21
"observed",21
"overall",21
"period",21
"positivity",21
"testing",21
"vaginal",21
"weeks",21
"without",21
"assessed",20
"could",20
"evidence",20
"median",20
"nucleotide",20
"strategies",20
"subjects",20
"vhb",20
"about",19
"against",19
"conception",19
"conducted",19
"index",19
"indicated",19
"mean",19
"month",19
"passive",19
"programme",19
"reported",19
"tdf",19
"treated",19
"001",18
"aminotransferase",18
"caesarean",18
"cells",18
"each",18
"eight",18
"elective",18
"history",18
"hospital",18
"hsv",18
"identify",18
"interval",18
"late",18
"meta",18
"might",18
"out",18
"population",18
"prospective",18
"quasispecies",18
"revealed",18
"review",18
"searched",18
"versus",18
"6bcd",17
"aimed",17
"analyzed",17
"despite",17
"ecs",17
"estimated",17
"following",17
"infections",17
"investigate",17
"million",17
"mode",17
"needed",17
"six",17
"studied",17
"transplantation",17
"according",16
"alanine",16
"available",16
"considered",16
"del",16
"development",16
"effectiveness",16
"immunodeficiency",16
"life",16
"likely",16
"management",16
"mutations",16
"national",16
"newborn",16
"number",16
"odds",16
"outcome",16
"program",16
"public",16
"response",16
"sequences",16
"services",16
"t",16
"5a74",15
"809d",15
"adverse",15
"africa",15
"although",15
"association",15
"care",15
"collected",15
"core",15
"delivered",15
"feeding",15
"genotypes",15
"increase",15
"medical",15
"method",15
"milk",15
"most",15
"natural",15
"none",15
"polymerase",15
"reduced",15
"report",15
"specific",15
"such",15
"them",15
"transmitting",15
"viremia",15
"whether",15
"while",15
"708e",14
"ag",14
"alpha",14
"antenatal",14
"any",14
"breastfeeding",14
"cause",14
"chain",14
"chinese",14
"combined",14
"des",14
"ev",14
"even",14
"expression",14
"father",14
"given",14
"hd",14
"les",14
"less",14
"markers",14
"need",14
"phylogenetic",14
"se",14
"sequence",14
"seropositive",14
"still",14
"term",14
"whom",14
"0001",13
"4f20",13
"64ad",13
"9884",13
"acquired",13
"adjusted",13
"asymptomatic",13
"benefit",13
"cesarean",13
"coverage",13
"detection",13
"drugs",13
"frequency",13
"gene",13
"hospitals",13
"lc",13
"miu",13
"new",13
"placebo",13
"role",13
"route",13
"sample",13
"screened",13
"series",13
"sub",13
"suggest",13
"svr",13
"test",13
"tests",13
"therefore",13
"thus",13
"variants",13
"ve",13
"viremic",13
"07",12
"5de5",12
"acyclovir",12
"assay",12
"baby",12
"caused",12
"center",12
"chb",12
"clones",12
"coinfected",12
"combination",12
"countries",12
"cs",12
"current",12
"databases",12
"drug",12
"engerix",12
"family",12
"fib",12
"ftct",12
"global",12
"heterogeneity",12
"identified",12
"igm",12
"las",12
"long",12
"male",12
"multiple",12
"mutant",12
"nine",12
"placenta",12
"possible",12
"pre",12
"que",12
"reaction",12
"regression",12
"saharan",12
"selected",12
"sequencing",12
"seven",12
"single",12
"stage",12
"symptoms",12
"tnf",12
"would",12
"00001",11
"4f5c",11
"6bd2",11
"75c5",11
"achieved",11
"additional",11
"administered",11
"adult",11
"because",11
"being",11
"blocking",11
"boy",11
"calculated",11
"changes",11
"cochrane",11
"designed",11
"detectable",11
"due",11
"embase",11
"findings",11
"genome",11
"guidelines",11
"he",11
"hvl",11
"i",11
"implementation",11
"india",11
"integrated",11
"intrauterine",11
"known",11
"loads",11
"logistic",11
"mtc",11
"neonates",11
"obtained",11
"occurred",11
"peripheral",11
"products",11
"pubmed",11
"range",11
"selection",11
"suggested",11
"times",11
"trial",11
"04",10
"4e59",10
"514d",10
"6027",10
"achieve",10
"acute",10
"aged",10
"analyses",10
"antivirals",10
"areas",10
"carriers",10
"complications",10
"correlation",10
"criteria",10
"defined",10
"dendritic",10
"elevated",10
"endemic",10
"events",10
"goal",10
"hbe",10
"hgv",10
"hhv",10
"homology",10
"international",10
"interventions",10
"isolates",10
"june",10
"knowledge",10
"maternoinfantil",10
"millions",10
"persons",10
"plasma",10
"post",10
"potential",10
"protective",10
"pugh",10
"quality",10
"random",10
"receive",10
"reviewed",10
"risks",10
"sera",10
"serological",10
"sífilis",10
"target",10
"ttv",10
"universal",10
"values",10
"week",10
"world",10
"06",9
"4e3a",9
"4e86",9
"578b",9
"9632",9
"african",9
"aims",9
"area",9
"assessment",9
"buprenorphine",9
"clearance",9
"concentration",9
"couple",9
"course",9
"decreased",9
"differences",9
"free",9
"hcvrna",9
"his",9
"induced",9
"january",9
"japan",9
"literature",9
"log10",9
"multivariate",9
"naloxone",9
"nucleoside",9
"optimal",9
"order",9
"postpartum",9
"prospectively",9
"recommended",9
"regarding",9
"remains",9
"rt",9
"same",9
"science",9
"scores",9
"survival",9
"utero",9
"vaccinated",9
"whereas",9
"whose",9
"4e00",8
"65bd",8
"75ab",8
"8fdb",8
"à",8
"above",8
"al",8
"amino",8
"amniocentesis",8
"antiretroviral",8
"aor",8
"application",8
"appropriate",8
"arm",8
"asia",8
"assisted",8
"averted",8
"cdna",8
"circulating",8
"clinicaltrials",8
"compare",8
"compensated",8
"cord",8
"cp",8
"database",8
"decision",8
"design",8
"diseases",8
"disoproxil",8
"does",8
"elimination",8
"end",8
"enfant",8
"especially",8
"estimate",8
"femmes",8
"g145r",8
"general",8
"gov",8
"hla",8
"host",8
"improve",8
"incremental",8
"infectious",8
"live",8
"log",8
"los",8
"main",8
"mère",8
"mujeres",8
"neonatal",8
"objectives",8
"occur",8
"occurs",8
"para",8
"participants",8
"partners",8
"pressure",8
"problem",8
"programa",8
"provided",8
"providing",8
"ptme",8
"ptmi",8
"receiving",8
"relationship",8
"sensitivity",8
"show",8
"significance",8
"some",8
"syndrome",8
"therapeutic",8
"they",8
"transcripts",8
"transmisión",8
"tsa",8
"uninfected",8
"vd",8
"weight",8
"yet",8
"03",7
"548c",7
"5728",7
"63aa",7
"751f",7
"9879",7
"absence",7
"activity",7
"additionally",7
"alcohol",7
"analogs",7
"analysed",7
"articles",7
"awareness",7
"below",7
"births",7
"breastfed",7
"cah",7
"carried",7
"childhood",7
"class",7
"comparable",7
"comparing",7
"country",7
"d",7
"daily",7
"days",7
"december",7
"delayed",7
"derived",7
"determinant",7
"developing",7
"diagnosed",7
"discontinuation",7
"diversity",7
"double",7
"economic",7
"effectively",7
"efforts",7
"evolution",7
"families",7
"fertility",7
"frequent",7
"fumarate",7
"furthermore",7
"gestation",7
"h",7
"highest",7
"highly",7
"ia",7
"impairment",7
"importance",7
"information",7
"interferon",7
"introduction",7
"investigated",7
"key",7
"later",7
"least",7
"loss",7
"made",7
"mainly",7
"many",7
"measures",7
"minor",7
"mn",7
"models",7
"normal",7
"once",7
"onset",7
"over",7
"parameters",7
"particularly",7
"pattern",7
"pooled",7
"proportion",7
"questionnaire",7
"reach",7
"records",7
"reducing",7
"remained",7
"remaining",7
"research",7
"responses",7
"routine",7
"rural",7
"serologic",7
"seroprevalence",7
"sites",7
"spread",7
"statistical",7
"suggests",7
"thailand",7
"twice",7
"under",7
"undetectable",7
"very",7
"via",7
"will",7
"08",6
"2a",6
"4e2d",6
"5176",6
"53ca",6
"5e72",6
"5e74",6
"across",6
"albumin",6
"algorithm",6
"along",6
"amplified",6
"auroc",6
"autoimmune",6
"bd",6
"bias",6
"biopsy",6
"centers",6
"central",6
"clínicas",6
"common",6
"comprised",6
"concentrations",6
"confirm",6
"contrast",6
"correlated",6
"dans",6
"du",6
"eliminate",6
"embarazadas",6
"empirical",6
"enceintes",6
"entre",6
"enzyme",6
"été",6
"evaluation",6
"examined",6
"excluded",6
"exposure",6
"fed",6
"fetal",6
"few",6
"fue",6
"fulminant",6
"gained",6
"generation",6
"gestational",6
"hbsab",6
"hundred",6
"ib",6
"immunogenicity",6
"impact",6
"initial",6
"initiated",6
"isoform",6
"july",6
"labor",6
"limited",6
"majority",6
"matched",6
"measured",6
"medline",6
"mg",6
"mononuclear",6
"nested",6
"nm",6
"observational",6
"ont",6
"people",6
"persistent",6
"pga",6
"plus",6
"pm",6
"pregnancies",6
"preventive",6
"primary",6
"project",6
"ranged",6
"ratios",6
"required",6
"resolved",6
"result",6
"retrospective",6
"reverse",6
"secondary",6
"seen",6
"sequenced",6
"serious",6
"set",6
"severe",6
"since",6
"soins",6
"staff",6
"standardized",6
"statistically",6
"strain",6
"suggesting",6
"summary",6
"surveillance",6
"system",6
"systematic",6
"systematically",6
"taken",6
"tbd",6
"timing",6
"transaminase",6
"understand",6
"until",6
"us",6
"value",6
"worldwide",6
"wpr",6
"x",6
"02",5
"1b",5
"4f1a",5
"52a8",5
"56fd",5
"6210",5
"6240",5
"68c0",5
"6b65",5
"6d4b",5
"76ee",5
"affect",5
"agent",5
"approximately",5
"assessing",5
"aux",5
"baseline",5
"become",5
"better",5
"biological",5
"blind",5
"cancer",5
"cea",5
"chronically",5
"comparative",5
"completed",5
"completion",5
"complication",5
"controls",5
"county",5
"cps",5
"cross",5
"degree",5
"demonstrated",5
"discussed",5
"doses",5
"dual",5
"education",5
"enough",5
"envelope",5
"escape",5
"evaluating",5
"expanded",5
"exposed",5
"fatal",5
"fathers",5
"finding",5
"formula",5
"function",5
"genotyping",5
"gyn",5
"hbc",5
"icer",5
"identical",5
"idu",5
"igg",5
"ii",5
"increases",5
"increasing",5
"independently",5
"indicating",5
"individuals",5
"initiate",5
"injection",5
"interrupt",5
"interrupting",5
"intervals",5
"laboratory",5
"lack",5
"located",5
"marker",5
"markov",5
"members",5
"membranous",5
"moderate",5
"multi",5
"multicenter",5
"must",5
"nationwide",5
"next",5
"ngs",5
"obs",5
"october",5
"off",5
"paediatric",5
"pair",5
"parents",5
"persistently",5
"point",5
"practices",5
"predominantly",5
"prenatal",5
"preterm",5
"prevalent",5
"prior",5
"probably",5
"process",5
"protection",5
"protein",5
"province",5
"publications",5
"recent",5
"recommendations",5
"regional",5
"regions",5
"relative",5
"relevant",5
"remission",5
"safe",5
"sectional",5
"sequential",5
"seroconversion",5
"setting",5
"shown",5
"similar",5
"size",5
"started",5
"starting",5
"survey",5
"tcr",5
"thirty",5
"throughout",5
"titer",5
"titers",5
"transcription",5
"twelve",5
"underwent",5
"venous",5
"virologic",5
"way",5
"web",5
"00",4
"007",4
"24h",4
"4ee5",4
"513f",4
"536b",4
"53d1",4
"540c",4
"63d0",4
"6cbb",4
"7387",4
"7597",4
"884c",4
"8d39",4
"91cd",4
"abnormal",4
"ac",4
"account",4
"adults",4
"again",4
"alone",4
"aminotransferases",4
"analytic",4
"annual",4
"apai",4
"appears",4
"approach",4
"around",4
"aspartate",4
"atención",4
"au",4
"august",4
"avec",4
"avoided",4
"benefits",4
"biliary",4
"booster",4
"breakthrough",4
"burden",4
"cba",4
"cd4",4
"centres",4
"choice",4
"cirrhotic",4
"clarify",4
"clonal",4
"colocalization",4
"comparison",4
"complete",4
"complex",4
"complexes",4
"concordance",4
"consecutive",4
"constructed",4
"contact",4
"corresponding",4
"costs",4
"count",4
"counties",4
"couples",4
"csf",4
"cut",4
"dalys",4
"death",4
"decrease",4
"deliveries",4
"demonstrate",4
"dépistage",4
"described",4
"detect",4
"direct",4
"discharge",4
"distribution",4
"eliminating",4
"endoscopic",4
"english",4
"ensemble",4
"entecavir",4
"entry",4
"epitopes",4
"established",4
"était",4
"exacerbation",4
"explore",4
"explored",4
"feasible",4
"female",4
"fetus",4
"fibrosis",4
"fifteen",4
"follows",4
"forty",4
"foundation",4
"future",4
"gavi",4
"generally",4
"genetic",4
"genomes",4
"geometric",4
"globulin",4
"glomerulonephritis",4
"gmc",4
"gradient",4
"guideline",4
"harms",4
"having",4
"hepato",4
"hepb3",4
"her",4
"here",4
"hours",4
"hr",4
"i2",4
"icers",4
"identifying",4
"iii",4
"immunity",4
"implications",4
"independent",4
"indicate",4
"indicates",4
"indicators",4
"initiation",4
"injected",4
"injections",4
"interruption",4
"issue",4
"issues",4
"journals",4
"ldt",4
"length",4
"leur",4
"linked",4
"local",4
"lost",4
"lys",4
"medicus",4
"membrane",4
"membranes",4
"met",4
"middle",4
"mixed",4
"moment",4
"morbidity",4
"much",4
"mutants",4
"nacional",4
"necessary",4
"necrosis",4
"needs",4
"neonate",4
"network",4
"newly",4
"nombre",4
"nor",4
"novo",4
"observation",4
"older",4
"online",4
"organization",4
"ovid",4
"pacific",4
"percentage",4
"perinatally",4
"perspective",4
"physicians",4
"polyendocrine",4
"por",4
"precore",4
"predicting",4
"prénatals",4
"presented",4
"presenting",4
"prevención",4
"prévention",4
"previously",4
"prognostic",4
"protocol",4
"proved",4
"provide",4
"prueba",4
"pruebas",4
"purpose",4
"qaly",4
"qalys",4
"randomised",4
"rare",4
"reached",4
"real",4
"recombinant",4
"recommend",4
"referred",4
"refit",4
"register",4
"registered",4
"remain",4
"renal",4
"replication",4
"residence",4
"resistant",4
"rupture",4
"s2",4
"saved",4
"saving",4
"servicios",4
"sexual",4
"shenzhen",4
"side",4
"signs",4
"sont",4
"southern",4
"stages",4
"states",4
"stool",4
"stpoc",4
"strains",4
"strongly",4
"success",4
"suspicion",4
"sustained",4
"taiwan",4
"targets",4
"taux",4
"terms",4
"then",4
"thirteen",4
"threat",4
"titre",4
"transcript",4
"transmissions",4
"treat",4
"triple",4
"twenty",4
"un",4
"univariate",4
"unknown",4
"urgently",4
"vaginally",4
"various",4
"vbeta13",4
"virological",4
"viruses",4
"western",4
"wuhan",4
"yunnan",4
"z",4
"zero",4
"043",3
"09",3
"1st",3
"4e0d",3
"4e0e",3
"4e2a",3
"4eb2",3
"516c",3
"5171",3
"524d",3
"5316",3
"533b",3
"5408",3
"5987",3
"5b55",3
"5b66",3
"5bf9",3
"611f",3
"6162",3
"63a2",3
"65ad",3
"65b9",3
"662f",3
"67d3",3
"6807",3
"6d41",3
"7403",3
"7406",3
"7b49",3
"7ba1",3
"7efc",3
"8ba8",3
"8be5",3
"8fc7",3
"901a",3
"963b",3
"9ad8",3
"a1762t",3
"ab",3
"abstracted",3
"accounted",3
"achievement",3
"advanced",3
"agents",3
"ages",3
"albi",3
"allele",3
"almost",3
"another",3
"antepartum",3
"antihcv",3
"aspects",3
"assumed",3
"ast",3
"attending",3
"authors",3
"aware",3
"b2",3
"basement",3
"basis",3
"bcr",3
"beginning",3
"beta",3
"binding",3
"cannot",3
"carefully",3
"carrying",3
"cart",3
"characteristic",3
"characterize",3
"chemotherapy",3
"citation",3
"clinic",3
"clinicians",3
"clinics",3
"clone",3
"cloned",3
"closely",3
"cluster",3
"coding",3
"cohorts",3
"collaboration",3
"complexity",3
"complicated",3
"comprehensive",3
"concern",3
"condition",3
"consecutively",3
"consent",3
"contamination",3
"continuous",3
"contributes",3
"controversial",3
"counts",3
"ctp",3
"curve",3
"dbeta2",3
"defects",3
"describe",3
"develop",3
"died",3
"differ",3
"differential",3
"diffuse",3
"disappeared",3
"discontinued",3
"discuss",3
"divided",3
"documented",3
"dominant",3
"done",3
"dosage",3
"duration",3
"dysfunction",3
"e2",3
"efficiently",3
"egypt",3
"either",3
"elevation",3
"elisa",3
"endemicity",3
"endpoints",3
"epi",3
"equal",3
"esophageal",3
"european",3
"examine",3
"excellent",3
"except",3
"expansions",3
"experienced",3
"extracted",3
"extrauterine",3
"facilities",3
"famciclovir",3
"february",3
"field",3
"figures",3
"financial",3
"foetus",3
"former",3
"fourteen",3
"framework",3
"france",3
"full",3
"fully",3
"g1764a",3
"g1896a",3
"gain",3
"glomerular",3
"good",3
"grade",3
"gradually",3
"great",3
"greater",3
"guide",3
"hazard",3
"hbvacc",3
"healthcare",3
"heteroduplex",3
"heterogeneous",3
"humans",3
"ifn",3
"imeld",3
"immediately",3
"immunoassay",3
"immunoprophylactic",3
"immunosorbent",3
"inclusion",3
"infectivity",3
"inflammation",3
"influenced",3
"informed",3
"intermediate",3
"intravenous",3
"introduced",3
"investigations",3
"involved",3
"japanese",3
"jbeta1",3
"joint",3
"kidney",3
"knew",3
"lao",3
"leads",3
"lesions",3
"leukocyte",3
"lifetime",3
"llr",3
"longer",3
"maintaining",3
"md",3
"measure",3
"meso",3
"min",3
"mm",3
"mobility",3
"molecular",3
"mutation",3
"na",3
"nas",3
"nct01745822",3
"neither",3
"net",3
"ns",3
"offered",3
"oligoclonal",3
"operating",3
"oral",3
"pan",3
"participant",3
"particular",3
"parts",3
"passively",3
"past",3
"pay",3
"pediatric",3
"person",3
"platelet",3
"populations",3
"poses",3
"possibility",3
"postnatal",3
"postoperative",3
"power",3
"practice",3
"predictive",3
"presentation",3
"prevents",3
"previous",3
"probability",3
"probe",3
"problems",3
"prognosis",3
"programmes",3
"progress",3
"progression",3
"prolonged",3
"promising",3
"prone",3
"proven",3
"provinces",3
"puv",3
"questionnaires",3
"raised",3
"rct",3
"reactivation",3
"receiver",3
"recommendation",3
"reduces",3
"referral",3
"relatively",3
"replicative",3
"reports",3
"resource",3
"respect",3
"restricted",3
"retrieved",3
"routes",3
"run",3
"s1",3
"s3",3
"sbp",3
"scopus",3
"search",3
"self",3
"seronegative",3
"serostatus",3
"seventeen",3
"sex",3
"similarity",3
"sixteen",3
"south",3
"squared",3
"structured",3
"subgenotype",3
"subgenotypes",3
"substitution",3
"successfully",3
"suffering",3
"support",3
"surgery",3
"surrogate",3
"surveyed",3
"suspected",3
"thai",3
"though",3
"thyroid",3
"treating",3
"treatments",3
"tree",3
"trimesters",3
"tumor",3
"turcotte",3
"underlying",3
"university",3
"urban",3
"variant",3
"varices",3
"vbeta",3
"vbeta20",3
"vbeta3",3
"vdr",3
"verified",3
"viraemic",3
"vp1",3
"where",3
"whole",3
"yuan",3
"005",2
"006",2
"0077",2
"008",2
"013",2
"03c7",2
"042",2
"04miu",2
"062",2
"070",2
"1000miu",2
"16miu",2
"1a",2
"200iu",2
"308g",2
"30th",2
"31miu",2
"48miu",2
"4e09",2
"4e3b",2
"4e4b",2
"4ea7",2
"4ece",2
"4f4e",2
"4f8b",2
"4f9b",2
"4fdd",2
"5065",2
"5168",2
"5173",2
"5177",2
"51c6",2
"51cf",2
"5230",2
"5242",2
"52a0",2
"5305",2
"53bf",2
"53c2",2
"5426",2
"542b",2
"54cd",2
"56e0",2
"5927",2
"5982",2
"5b50",2
"5b69",2
"5b9e",2
"5c11",2
"5c24",2
"5f71",2
"6211",2
"64miu",2
"6548",2
"6587",2
"65b0",2
"65f6",2
"6709",2
"679c",2
"6885",2
"6d88",2
"6e05",2
"7528",2
"7565",2
"767d",2
"793e",2
"79fb",2
"79miu",2
"7a0b",2
"7ae5",2
"7d20",2
"82d7",2
"86cb",2
"87miu",2
"8840",2
"8981",2
"8bbf",2
"8bca",2
"8bf8",2
"8d77",2
"8fbe",2
"8ff0",2
"9194",2
"91cf",2
"964d",2
"9664",2
"968f",2
"9762",2
"9898",2
"a24",2
"able",2
"abortion",2
"absent",2
"access",2
"adefovir",2
"adequate",2
"adjunctive",2
"adjustment",2
"administering",2
"adolescents",2
"affected",2
"ambitious",2
"america",2
"analog",2
"analogues",2
"analyse",2
"analysing",2
"analyze",2
"annually",2
"antigens",2
"app",2
"apparent",2
"applied",2
"approaches",2
"arterial",2
"article",2
"asistieron",2
"assays",2
"assigned",2
"associations",2
"assuming",2
"attempted",2
"attention",2
"auc",2
"aucun",2
"augmenté",2
"aumentó",2
"avait",2
"avoiding",2
"bacterial",2
"bayesian",2
"began",2
"belonging",2
"beneficial",2
"bénéficiant",2
"bénéficier",2
"biochemical",2
"biomedical",2
"block",2
"blockade",2
"bone",2
"bound",2
"boys",2
"brazil",2
"bw",2
"c2",2
"cada",2
"cameroon",2
"candidates",2
"capita",2
"cas",2
"categorized",2
"caucasian",2
"causes",2
"causing",2
"caution",2
"centros",2
"cerevisiae",2
"ces",2
"challenging",2
"characterization",2
"characterized",2
"childbirth",2
"childcare",2
"chine",2
"chinois",2
"chord",2
"chuté",2
"cliniques",2
"clonally",2
"codon",2
"coefficients",2
"colaboración",2
"combinations",2
"comenzó",2
"commercially",2
"commonly",2
"como",2
"comparisons",2
"competed",2
"complementary",2
"compliance",2
"components",2
"con",2
"concerning",2
"concerns",2
"conclusive",2
"condados",2
"confrontée",2
"congénita",2
"congénital",2
"consensus",2
"consequences",2
"conservative",2
"consider",2
"consisted",2
"consisting",2
"continues",2
"contributed",2
"contrôle",2
"correctly",2
"correlations",2
"correspondingly",2
"courantes",2
"cr",2
"creatinine",2
"critical",2
"crosti",2
"crude",2
"ctl",2
"ctls",2
"currently",2
"curves",2
"cutaneous",2
"daly",2
"damage",2
"dates",2
"dcs",2
"deaths",2
"débuté",2
"decisions",2
"decompensation",2
"defect",2
"delay",2
"demonstrating",2
"demostró",2
"depending",2
"deposition",2
"desafíos",2
"diabetes",2
"dichotomous",2
"difficultés",2
"diffusion",2
"disability",2
"discordance",2
"discrepancies",2
"displayed",2
"document",2
"domains",2
"donor",2
"dosages",2
"earlier",2
"efficacité",2
"efficiency",2
"efficient",2
"eficaz",2
"egyptian",2
"eighty",2
"electronic",2
"electronically",2
"élevait",2
"eligible",2
"eliminación",2
"élimination",2
"elispot",2
"elucidate",2
"emerged",2
"emergence",2
"empirically",2
"employed",2
"encore",2
"encourage",2
"endocytosis",2
"endorsed",2
"endpoint",2
"enfants",2
"enfermedades",2
"entropy",2
"enzymes",2
"errors",2
"esfuerzos",2
"est",2
"establish",2
"estandarizaba",2
"estimates",2
"ethiopia",2
"etiologies",2
"etiology",2
"evaluable",2
"evident",2
"exacerbations",2
"examination",2
"exceptional",2
"exhibiting",2
"expansion",2
"experimental",2
"exposures",2
"extent",2
"extra",2
"extrapolating",2
"face",2
"facilitate",2
"factible",2
"failed",2
"faisabilité",2
"fatigue",2
"features",2
"fetoprotein",2
"fever",2
"fifty",2
"fine",2
"fixed",2
"flare",2
"florescence",2
"flowcytometry",2
"foetal",2
"font",2
"forma",2
"formar",2
"frente",2
"frequencies",2
"gave",2
"gdp",2
"genbank",2
"gender",2
"generales",2
"généraux",2
"getting",2
"gianotti",2
"glomerulopathy",2
"grandmother",2
"gratuit",2
"gratuita",2
"gratuitement",2
"gratuito",2
"greatly",2
"green",2
"growing",2
"growth",2
"ha",2
"había",2
"haciendo",2
"half",2
"hand",2
"harmonisait",2
"hbcab",2
"hbvcc",2
"help",2
"hépatite",2
"hepatocytes",2
"herpes",2
"highlight",2
"highlighter",2
"highlights",2
"hijos",2
"histochemistry",2
"histological",2
"hôpitaux",2
"hospitales",2
"humaine",2
"humana",2
"hunan",2
"hvr",2
"hybridization",2
"hypervariable",2
"hypothesized",2
"ictrp",2
"idea",2
"identifier",2
"il",2
"il28b",2
"ils",2
"imaging",2
"immediate",2
"immunoblot",2
"immunoblotting",2
"immunodéficience",2
"immunofluorescence",2
"immunoglobulins",2
"immunopathogenesis",2
"immuonocomprimised",2
"implemented",2
"implies",2
"improvement",2
"inactive",2
"incidences",2
"incident",2
"includes",2
"incluses",2
"incluyó",2
"indian",2
"indices",2
"indirectness",2
"indocyanine",2
"inevitable",2
"infección",2
"infectada",2
"infectadas",2
"infectée",2
"infectées",2
"infecting",2
"influencing",2
"inform",2
"infrastructure",2
"infrequent",2
"inmunodeficiencia",2
"inno",2
"insertion",2
"institute",2
"integraba",2
"integrada",2
"integrados",2
"intégrait",2
"integration",2
"intégrée",2
"intégrés",2
"intensity",2
"intensive",2
"intention",2
"interest",2
"interestingly",2
"interpreting",2
"interrelated",2
"interrupted",2
"intervenciones",2
"interventional",2
"investigating",2
"involving",2
"iqr",2
"ireland",2
"isolated",2
"italy",2
"itching",2
"janeiro",2
"junction",2
"kangtai",2
"knodell",2
"korean",2
"label",2
"laparoscopic",2
"largely",2
"latter",2
"lays",2
"lbw",2
"leading",2
"led",2
"lesser",2
"leukemia",2
"leurs",2
"likelihood",2
"line",2
"lipa",2
"lists",2
"livebirths",2
"living",2
"locales",2
"locaux",2
"longitudinal",2
"ltd",2
"ly",2
"madres",2
"maintenant",2
"maladies",2
"malformation",2
"march",2
"marcha",2
"marked",2
"maternally",2
"maternels",2
"maternity",2
"materno",2
"maximal",2
"maximum",2
"means",2
"mechanism",2
"mechanisms",2
"medication",2
"medium",2
"mellitus",2
"même",2
"mentioned",2
"mères",2
"metastases",2
"methodology",2
"micrograms",2
"microscopy",2
"milan",2
"mild",2
"mis",2
"mismo",2
"mistakenly",2
"mobile",2
"momento",2
"monocentric",2
"montré",2
"moreover",2
"mortem",2
"mostly",2
"mrna",2
"mucositis",2
"multivariable",2
"nacidos",2
"nacionales",2
"naissances",2
"naive",2
"nationaux",2
"nature",2
"nct02044055",2
"near",2
"needle",2
"negatively",2
"neglected",2
"ng",2
"ningún",2
"nonamniocentesis",2
"nonviremic",2
"north",2
"nosocomial",2
"noted",2
"notificada",2
"ns4",2
"nucs",2
"numbering",2
"número",2
"obi",2
"observe",2
"obstetric",2
"obstetrical",2
"obstetrics",2
"obvious",2
"occluded",2
"occurrence",2
"offers",2
"ofrece",2
"ofrecieron",2
"open",2
"optimization",2
"options",2
"original",2
"others",2
"otras",2
"où",2
"outbreak",2
"outperformed",2
"overlapping",2
"owing",2
"paired",2
"paper",2
"par",2
"paralleled",2
"paris",2
"part",2
"parte",2
"participaron",2
"participating",2
"partie",2
"partner",2
"partum",2
"pasado",2
"patterns",2
"pays",2
"pdr",2
"peak",2
"pédiatriques",2
"peg",2
"pegylated",2
"percutaneous",2
"périnatal",2
"perinatales",2
"periods",2
"persistence",2
"pharmacokinetic",2
"phase",2
"phc",2
"phenomenon",2
"phenotype",2
"planning",2
"platform",2
"pn",2
"población",2
"points",2
"policy",2
"poor",2
"portal",2
"possibly",2
"practiced",2
"pratiques",2
"precise",2
"predicted",2
"predictor",2
"predictors",2
"predominant",2
"preferred",2
"premature",2
"preparation",2
"pressures",2
"prevailing",2
"preventable",2
"prevented",2
"principal",2
"principle",2
"principles",2
"prioritize",2
"probabilistic",2
"profilaxis",2
"programs",2
"projected",2
"promoting",2
"prophylaxie",2
"proporcionan",2
"proposées",2
"proposer",2
"proposés",2
"protected",2
"proteinuria",2
"provision",2
"ps",2
"published",2
"puerperal",2
"purified",2
"puso",2
"put",2
"putative",2
"pvst",2
"qrt",2
"qualified",2
"quantitative",2
"qui",2
"quoted",2
"r",2
"raising",2
"randomly",2
"rapid",2
"rbv",2
"reaching",2
"reactive",2
"reactivities",2
"realized",2
"reasons",2
"reassembled",2
"recently",2
"reconstructive",2
"record",2
"recorded",2
"recovery",2
"recruited",2
"recurrence",2
"redujo",2
"reference",2
"regimen",2
"regimens",2
"registration",2
"registry",2
"reinfection",2
"relapse",2
"released",2
"remote",2
"reoperation",2
"representative",2
"represents",2
"republic",2
"resistance",2
"responder",2
"responsible",2
"rest",2
"restrictive",2
"resulted",2
"resulting",2
"retention",2
"retested",2
"retrospectively",2
"rfa",2
"rio",2
"ris",2
"roc",2
"rose",2
"rutinarios",2
"sa",2
"saccharomyces",2
"sahel",2
"saliva",2
"salt",2
"salud",2
"santé",2
"schedule",2
"schistosomal",2
"sector",2
"security",2
"seemed",2
"select",2
"semen",2
"ser",2
"seroconverted",2
"serology",2
"seroprotection",2
"seroprotective",2
"sets",2
"settings",2
"seventy",2
"several",2
"severity",2
"shared",2
"shield",2
"signalés",2
"sigue",2
"simplex",2
"simultaneous",2
"simultaneously",2
"singleton",2
"site",2
"smaller",2
"so",2
"society",2
"sociodemography",2
"sodium",2
"solution",2
"sometieron",2
"source",2
"specimens",2
"spontaneous",2
"stable",2
"standard",2
"start",2
"steps",2
"stopping",2
"strengthened",2
"strengthening",2
"strip",2
"subepithelial",2
"subgroup",2
"subject",2
"suboxone",2
"subsequent",2
"substitutions",2
"summarize",2
"supplémentaires",2
"supports",2
"suppress",2
"sus",2
"susceptibility",2
"susceptible",2
"sustainable",2
"synonymous",2
"tablet",2
"tace",2
"taqi",2
"targeted",2
"tasa",2
"technical",2
"telles",2
"temps",2
"ten",2
"tendencies",2
"testées",2
"thereafter",2
"thousand",2
"tiempo",2
"tissue",2
"tolerable",2
"totally",2
"tottori",2
"toujours",2
"township",2
"townships",2
"trails",2
"traitement",2
"trans",2
"transaminases",2
"transfusion",2
"transfusions",2
"transient",2
"transmit",2
"tratamiento",2
"través",2
"treatable",2
"tres",2
"trois",2
"trophoblasts",2
"true",2
"tunisian",2
"twin",2
"twins",2
"uip",2
"una",2
"uncertain",2
"uncle",2
"unclear",2
"uncommon",2
"unselected",2
"unsettled",2
"untreated",2
"unusual",2
"uptake",2
"utilization",2
"uvre",2
"v",2
"vaccinations",2
"vaccines",2
"vertebral",2
"vertically",2
"veterans",2
"view",2
"vip",2
"virals",2
"vitamin",2
"vivantes",2
"vivos",2
"vl",2
"vt",2
"vues",2
"widest",2
"wild",2
"willingness",2
"wise",2
"wives",2
"wk",2
"yirgalem",2
"ymdd",2
"000001",1
"0003",1
"0006",1
"002",1
"004",1
"010",1
"012",1
"014",1
"019",1
"023",1
"025",1
"031",1
"032",1
"040",1
"041",1
"048",1
"049",1
"050",1
"063",1
"064",1
"071",1
"083",1
"087",1
"097",1
"106veq",1
"10e5",1
"10e6",1
"10mg",1
"14314",1
"1mg",1
"28b",1
"2b",1
"31st",1
"4d",1
"4e0a",1
"4e16",1
"4e34",1
"4e3e",1
"4e8e",1
"4ea1",1
"4ef6",1
"4f17",1
"4f73",1
"4f7f",1
"4fc3",1
"501f",1
"51b5",1
"5236",1
"52a9",1
"533a",1
"534f",1
"5371",1
"53ef",1
"540e",1
"5411",1
"542f",1
"5458",1
"5584",1
"56f4",1
"5730",1
"57fa",1
"589e",1
"5973",1
"597d",1
"5a01",1
"5b58",1
"5b8c",1
"5bb3",1
"5bb6",1
"5bfc",1
"5c31",1
"5dee",1
"5df2",1
"5e8a",1
"5efa",1
"5f00",1
"5f02",1
"5f15",1
"5f3a",1
"5f62",1
"5f84",1
"5x106",1
"6218",1
"6280",1
"6297",1
"6307",1
"63a8",1
"65e8",1
"6653",1
"6700",1
"6708",1
"671f",1
"672c",1
"672f",1
"6741",1
"6765",1
"6781",1
"6b7b",1
"6c1b",1
"6ce8",1
"70b9",1
"7269",1
"7279",1
"72b6",1
"73b0",1
"754c",1
"76d6",1
"76f8",1
"77e5",1
"7814",1
"79ef",1
"7a76",1
"7acb",1
"7b56",1
"7ec4",1
"7ec7",1
"7f51",1
"8054",1
"80b2",1
"80c1",1
"826f",1
"8303",1
"836f",1
"88ab",1
"8986",1
"89c4",1
"8ba1",1
"8ba2",1
"8bae",1
"8bbe",1
"9014",1
"90e8",1
"91d1",1
"9228",1
"95e8",1
"95ee",1
"9633",1
"9645",1
"9662",1
"96f6",1
"9700",1
"9f84",1
"a1",1
"a2b",1
"abbott",1
"abdominal",1
"ablation",1
"abortions",1
"abroad",1
"abstracts",1
"academic",1
"acceptable",1
"accessible",1
"accordance",1
"accounting",1
"accounts",1
"accuracy",1
"accurate",1
"accurately",1
"achievements",1
"achieving",1
"acquire",1
"acquisition",1
"action",1
"activities",1
"actual",1
"adaptation",1
"adaptor",1
"add",1
"added",1
"addicts",1
"adding",1
"addison",1
"addressing",1
"adjusting",1
"adjuvant",1
"administrations",1
"admitted",1
"adopted",1
"adrenocorticotropic",1
"advantage",1
"advent",1
"affecting",1
"affects",1
"affordable",1
"agree",1
"aiming",1
"alb",1
"aligned",1
"alkaline",1
"alleles",1
"alliance",1
"allows",1
"alp",1
"alternatives",1
"aml",1
"aml2004",1
"amount",1
"amounted",1
"amp",1
"amplification",1
"anaemia",1
"analogue",1
"analyzing",1
"animals",1
"answered",1
"ante",1
"antennal",1
"antigenaemia",1
"antigenemia",1
"antigenic",1
"antilymphocyte",1
"apgar",1
"aplastic",1
"apolipoprotein",1
"appear",1
"appeared",1
"approached",1
"approved",1
"april",1
"arginine",1
"arising",1
"armitage",1
"arn",1
"arteriography",1
"asian",1
"asphyxia",1
"aspirate",1
"assembly",1
"assist",1
"assumptions",1
"atmosphere",1
"attack",1
"attacks",1
"attempt",1
"attended",1
"attenuates",1
"attributable",1
"attributed",1
"audit",1
"australian",1
"autochthonous",1
"availability",1
"avoidance",1
"backed",1
"bamako",1
"bands",1
"bangkok",1
"base",1
"basic",1
"bearing",1
"becoming",1
"begins",1
"begun",1
"behavioral",1
"believed",1
"belonged",1
"besides",1
"best",1
"bfm",1
"bibliographic",1
"bihar",1
"bile",1
"bilirubin",1
"bioinformatics",1
"biomarkers",1
"black",1
"body",1
"bootstrap",1
"borderline",1
"borne",1
"borns",1
"bottleneck",1
"bowel",1
"breastfeed",1
"british",1
"built",1
"c1653t",1
"calculating",1
"came",1
"camille",1
"campaigns",1
"canada",1
"canal",1
"candidate",1
"careful",1
"caribbean",1
"carry",1
"catheter",1
"causative",1
"cbm",1
"cdr3",1
"cellular",1
"centre",1
"cerebrospinal",1
"certainty",1
"certified",1
"cfhpc",1
"challenges",1
"chances",1
"change",1
"characterised",1
"characteristically",1
"charge",1
"chemiluminesence",1
"chemo",1
"childbearing",1
"chimeric",1
"chronicity",1
"circulation",1
"circumstances",1
"cited",1
"cities",1
"classes",1
"classification",1
"clonality",1
"closer",1
"clusters",1
"cnki",1
"cochran",1
"coefficient",1
"collaborative",1
"collapse",1
"collect",1
"combining",1
"commencing",1
"comments",1
"commercial",1
"commoner",1
"compartmental",1
"complement",1
"completely",1
"component",1
"composed",1
"comprises",1
"computed",1
"concerned",1
"concomitant",1
"concurrently",1
"confer",1
"conference",1
"confirming",1
"conformed",1
"congenital",1
"consented",1
"consequently",1
"considerable",1
"considerably",1
"consideration",1
"considering",1
"consistent",1
"consists",1
"constitute",1
"construction",1
"consultation",1
"consumption",1
"contacted",1
"containing",1
"contention",1
"contents",1
"context",1
"continued",1
"continuously",1
"contract",1
"contraindication",1
"contribute",1
"controlling",1
"conventional",1
"conversion",1
"corrected",1
"cortisol",1
"counseling",1
"covariance",1
"covered",1
"covering",1
"cox",1
"crawling",1
"crucial",1
"cumulative",1
"cutting",1
"cytology",1
"cytotoxic",1
"dataset",1
"date",1
"day",1
"dbeta1",1
"decade",1
"decline",1
"declining",1
"decompensated",1
"decreases",1
"decreasing",1
"degrees",1
"delhi",1
"delivering",1
"demand",1
"democratic",1
"demonstrates",1
"demyelinating",1
"density",1
"deny",1
"deoxyribonucleic",1
"dependence",1
"dependent",1
"deployment",1
"deposits",1
"dermatosis",1
"describes",1
"designated",1
"desirable",1
"desire",1
"details",1
"deteriorated",1
"determination",1
"determining",1
"develops",1
"dfs",1
"diagnostic",1
"diarrhea",1
"diminishes",1
"direction",1
"disappearance",1
"discourage",1
"discouraged",1
"discovered",1
"discrepancy",1
"discriminate",1
"disorder",1
"disorders",1
"disposable",1
"disseminated",1
"distance",1
"distinctly",1
"distributed",1
"districts",1
"dn",1
"draw",1
"drawn",1
"ds",1
"duct",1
"durations",1
"dutch",1
"dynamic",1
"dysfunctional",1
"eastern",1
"educational",1
"egger",1
"eia",1
"elderly",1
"eldest",1
"eleven",1
"eliminates",1
"elucidated",1
"elucidation",1
"embedding",1
"embolization",1
"emergency",1
"emesis",1
"enabled",1
"encephalomyelitis",1
"encoding",1
"encompassing",1
"encountered",1
"enhanced",1
"enhancement",1
"enriched",1
"enrollment",1
"ensure",1
"entered",1
"enterically",1
"entity",1
"epidemiological",1
"episode",1
"epitope",1
"eq",1
"equally",1
"eradicate",1
"eruption",1
"essential",1
"establishing",1
"estimation",1
"ethiopian",1
"etv",1
"europe",1
"event",1
"every",1
"evicted",1
"ex",1
"excellence",1
"exchange",1
"excision",1
"excluding",1
"exclusion",1
"executing",1
"exhibited",1
"exist",1
"existence",1
"existing",1
"expected",1
"experiment",1
"expertise",1
"experts",1
"expressed",1
"extended",1
"extinct",1
"extraction",1
"extrahepatic",1
"extremities",1
"facilitated",1
"fact",1
"fail",1
"falls",1
"far",1
"fast",1
"fatality",1
"favorable",1
"favorite",1
"feasibility",1
"fecal",1
"fell",1
"females",1
"feminization",1
"fewer",1
"ffe5",1
"fibroscan",1
"fludrocortisone",1
"fluid",1
"focal",1
"focus",1
"focused",1
"focuses",1
"fold",1
"form",1
"formed",1
"formulate",1
"formulated",1
"forward",1
"fourth",1
"fraction",1
"fragment",1
"fulfilled",1
"funnel",1
"fusion",1
"g1899a",1
"gaining",1
"gains",1
"gammagt",1
"gbv",1
"generated",1
"generations",1
"genes",1
"genetics",1
"genomic",1
"germany",1
"girl",1
"girls",1
"giving",1
"glomeruli",1
"glomerulonephropathy",1
"glutamate",1
"glycine",1
"goals",1
"gounguin",1
"graded",1
"grand",1
"gray",1
"grouped",1
"guangdong",1
"guidance",1
"guiding",1
"gums",1
"gynaecology",1
"haenszel",1
"hai",1
"haplotype",1
"hbeab",1
"hbvdna",1
"height",1
"hematological",1
"hematopoietic",1
"hence",1
"hepatocyte",1
"hepatology",1
"hepatropic",1
"hepb1",1
"hg",1
"histocompatibility",1
"histologic",1
"histories",1
"home",1
"hopefully",1
"horizontally",1
"hormone",1
"hospitalised",1
"how",1
"https",1
"hvc",1
"hydrocortisone",1
"hyperbilirubinemia",1
"hypertension",1
"hypoglycemia",1
"hypotension",1
"ide",1
"ifngamma",1
"illustrates",1
"immnoprophylaxis",1
"immunisation",1
"immunized",1
"immuno",1
"immunochromatographic",1
"immunogenic",1
"immunology",1
"immunosuppressed",1
"impaired",1
"implement",1
"implementing",1
"implicated",1
"importantly",1
"improper",1
"inadequate",1
"inapparent",1
"include",1
"inclusive",1
"income",1
"incomplete",1
"incontinence",1
"indeed",1
"indirect",1
"individual",1
"induce",1
"induction",1
"infancy",1
"infect",1
"infectiosity",1
"infectiousness",1
"infestation",1
"infestations",1
"infinity",1
"influence",1
"info",1
"inhibitor",1
"injecting",1
"innovative",1
"instituted",1
"institution",1
"institutions",1
"insufficiency",1
"insufficient",1
"insulin",1
"intensified",1
"interaction",1
"interleukin",1
"intermittent",1
"interpretation",1
"interpreted",1
"interprets",1
"interquartile",1
"interviews",1
"intrafamilially",1
"intrahepatic",1
"intramuscularly",1
"intravenously",1
"intriguing",1
"investigation",1
"investigators",1
"invited",1
"involvement",1
"isi",1
"jadad",1
"jbeta2",1
"jharkhand",1
"jiangsu",1
"joining",1
"jointly",1
"kg",1
"kinds",1
"korea",1
"laboratories",1
"lacked",1
"lacking",1
"lady",1
"laminin",1
"languages",1
"larger",1
"last",1
"lasted",1
"lately",1
"latest",1
"latin",1
"lay",1
"learnt",1
"lectin",1
"lesion",1
"lessons",1
"library",1
"lies",1
"lifelong",1
"lilac",1
"limbs",1
"limitations",1
"limiting",1
"link",1
"links",1
"list",1
"ln",1
"locked",1
"locus",1
"lymphoblastic",1
"lymphocyte",1
"lymphocytes",1
"m12",1
"m18",1
"m552i",1
"machine",1
"magnetic",1
"mainland",1
"maintained",1
"maintenance",1
"malay",1
"males",1
"mali",1
"malignancy",1
"mandatory",1
"mannose",1
"mantel",1
"marijuana",1
"marital",1
"markedly",1
"marrow",1
"mastered",1
"material",1
"materials",1
"maternities",1
"matrix",1
"mbl2",1
"meager",1
"measurement",1
"medicine",1
"meet",1
"meetings",1
"mesangial",1
"metabolites",1
"metalloproteinase",1
"metastatic",1
"methodological",1
"methylprednisolone",1
"microparticle",1
"midwifery",1
"mildly",1
"mimicry",1
"mineral",1
"minimum",1
"minutes",1
"mixture",1
"mmp",1
"mo",1
"modalities",1
"modest",1
"modestly",1
"modification",1
"modify",1
"mongolia",1
"mongolian",1
"monitored",1
"monoinfected",1
"monophyletic",1
"mortalities",1
"motifs",1
"moved",1
"moving",1
"multifactorial",1
"multiphasic",1
"multiplexed",1
"murex",1
"myelin",1
"myeloid",1
"myelosuppression",1
"named",1
"namely",1
"natal",1
"nct01846455",1
"nct01962155",1
"nearly",1
"necessarily",1
"necessity",1
"neighbour",1
"neonatology",1
"neoplastic",1
"nephropathy",1
"nephrotic",1
"nephrotoxicity",1
"neutralization",1
"nevertheless",1
"nevirapine",1
"nigerian",1
"nisdi",1
"nodosa",1
"noninfectious",1
"nonpalindromic",1
"nontreated",1
"normalization",1
"normalized",1
"northern",1
"notably",1
"note",1
"novel",1
"november",1
"now",1
"npa",1
"npv",1
"nucleic",1
"nucleo",1
"nucleot",1
"nulliparity",1
"observations",1
"observers",1
"occult",1
"occurring",1
"offspring",1
"oncogenic",1
"oncological",1
"ones",1
"onward",1
"operation",1
"opinion",1
"opioid",1
"opportunities",1
"opportunity",1
"optimize",1
"option",1
"orally",1
"orf",1
"organized",1
"ortho",1
"os",1
"ouagadougou",1
"outbreaks",1
"outside",1
"own",1
"pakistan",1
"panel",1
"papers",1
"papular",1
"paramount",1
"paraplegia",1
"parasitic",1
"parentally",1
"parenteral",1
"parisian",1
"parity",1
"parma",1
"partial",1
"partially",1
"participated",1
"parturition",1
"passed",1
"patents",1
"pathogenesis",1
"pathogenic",1
"pathologic",1
"pathologically",1
"pathway",1
"pathways",1
"paucity",1
"pentamer",1
"pentamers",1
"pentavalent",1
"peptide",1
"percent",1
"periodical",1
"periodicals",1
"peritonitis",1
"permits",1
"peroxidase",1
"pg",1
"pharmacokinetics",1
"philippines",1
"phosphatase",1
"phylip",1
"phylogenestic",1
"piiinp",1
"pipeline",1
"pivotal",1
"place",1
"placental",1
"plan",1
"planned",1
"platelets",1
"play",1
"played",1
"plays",1
"plots",1
"poland",1
"polyarteritis",1
"polymorphism",1
"pool",1
"positively",1
"posterior",1
"postvaccination",1
"potassium",1
"potentially",1
"poverty",1
"ppm",1
"prec",1
"precocity",1
"predelivery",1
"predict",1
"prediction",1
"predicts",1
"prednisone",1
"predominance",1
"predominating",1
"preeminent",1
"prefecture",1
"prefer",1
"preference",1
"prélalences",1
"preliminary",1
"prematurely",1
"prematurity",1
"preparing",1
"prescribed",1
"pretreatment",1
"preventative",1
"preventions",1
"primers",1
"prioritised",1
"priority",1
"probable",1
"procollagen",1
"produced",1
"product",1
"production",1
"progressive",1
"progressively",1
"proliferation",1
"proline",1
"promote",1
"promoter",1
"propeptide",1
"proper",1
"properties",1
"prophylactic",1
"proportional",1
"proportions",1
"propose",1
"prothrombin",1
"prove",1
"provides",1
"publication",1
"puerperium",1
"purposes",1
"quantifiable",1
"quantified",1
"quantify",1
"quite",1
"radiofrequency",1
"radiologic",1
"ranging",1
"rank",1
"ranking",1
"rather",1
"rationalize",1
"re",1
"reactions",1
"readers",1
"reappeared",1
"reason",1
"rebounded",1
"recipients",1
"recognition",1
"recommends",1
"reconsider",1
"reconsidered",1
"recovered",1
"recurred",1
"recurrences",1
"recurrent",1
"reduction",1
"references",1
"reflects",1
"refute",1
"regard",1
"registers",1
"regulatory",1
"reinforces",1
"reintegration",1
"relating",1
"remarkable",1
"remove",1
"repeatedly",1
"requirement",1
"resection",1
"reservoir",1
"resonance",1
"respective",1
"respondents",1
"returned",1
"reveal",1
"revealing",1
"revman5",1
"ribavirin",1
"right",1
"rise",1
"rlss",1
"rnas",1
"rrs",1
"rs8099917",1
"runx1",1
"runx1t1",1
"ruptured",1
"said",1
"saint",1
"sampling",1
"save",1
"scale",1
"scarce",1
"schedules",1
"schistosomiasis",1
"sciences",1
"sclerosis",1
"scope",1
"scoring",1
"screen",1
"scrutinized",1
"searching",1
"seems",1
"segment",1
"segmental",1
"selective",1
"semirural",1
"sensitive",1
"sent",1
"separately",1
"september",1
"sequentially",1
"sero",1
"serodiscordance",1
"seroimmunological",1
"seropositivity",1
"serosurvey",1
"service",1
"severely",1
"shannon",1
"she",1
"shengjing",1
"shenyang",1
"shortage",1
"shortly",1
"showing",1
"shows",1
"sib",1
"sign",1
"significative",1
"simulate",1
"simulating",1
"singapore",1
"sinse",1
"situations",1
"sixty",1
"skin",1
"slightly",1
"slower",1
"social",1
"socio",1
"sociodemographic",1
"software",1
"son",1
"soon",1
"spearman",1
"special",1
"specialist",1
"specialists",1
"specificity",1
"spectrum",1
"spite",1
"sporadic",1
"spot",1
"sr",1
"standards",1
"state",1
"stay",1
"step",1
"stillbirth",1
"stimulating",1
"stratification",1
"stratified",1
"strict",1
"stringent",1
"structure",1
"subcutaneously",1
"subdivided",1
"subendothelial",1
"subgroups",1
"sublingual",1
"suboptimal",1
"subset",1
"substudy",1
"suburban",1
"sucra",1
"sudden",1
"sueface",1
"suffered",1
"sufficient",1
"sufficiently",1
"suitable",1
"supporting",1
"suppression",1
"surprisingly",1
"survive",1
"swedish",1
"swen",1
"symmetrical",1
"symptomatic",1
"synthesize",1
"syringes",1
"systemic",1
"systems",1
"t1753v",1
"tailored",1
"taking",1
"tattoo",1
"team",1
"technique",1
"techniques",1
"temporal",1
"tended",1
"tentatively",1
"terminal",1
"terminated",1
"terminus",1
"theme",1
"therapies",1
"thereby",1
"threatened",1
"threshold",1
"thyroglobulin",1
"tobacco",1
"tolerability",1
"tolerance",1
"tolerated",1
"tomography",1
"took",1
"tools",1
"topics",1
"toward",1
"towards",1
"traced",1
"track",1
"tract",1
"train",1
"training",1
"transcriptase",1
"transfused",1
"translation",1
"transplacental",1
"trend",1
"tried",1
"tropical",1
"truncates",1
"tt",1
"tumour",1
"turkish",1
"twofold",1
"typical",1
"typically",1
"uk",1
"ultra",1
"ultrasonography",1
"umbilical",1
"unadjusted",1
"uncertainty",1
"unclarified",1
"unclassified",1
"uncontrolled",1
"und",1
"underdeveloped",1
"undergo",1
"undergoing",1
"underlined",1
"understanding",1
"understood",1
"undetermined",1
"unemployment",1
"unequivocal",1
"uneventful",1
"unfortunately",1
"unit",1
"united",1
"unlike",1
"unrecognised",1
"unrelated",1
"unreported",1
"unvaccinated",1
"urethral",1
"urgent",1
"urinary",1
"useful",1
"usefulness",1
"uterus",1
"vaccinating",1
"validated",1
"valve",1
"variable",1
"variations",1
"vbeta17",1
"vbeta8",1
"veq",1
"verify",1
"vertebrae",1
"viability",1
"viable",1
"victoria",1
"vientiane",1
"viewpoint",1
"vii",1
"viraemia",1
"virtually",1
"visit",1
"visited",1
"visiting",1
"vitiligo",1
"volume",1
"vulnerable",1
"wanfang",1
"water",1
"ways",1
"weakness",1
"weights",1
"went",1
"wide",1
"withdrawal",1
"woman",1
"workers",1
"worsening",1
"written",1
"young",1
"younger",1
